"","bin","training","chr","start","end","d2"
"1",1,"Discovery","chr1",5000001,1e+07,0.973424644512411
"2",1,"Validation","chr1",5000001,1e+07,0.525840660101628
"3",2,"Discovery","chr1",15000001,2e+07,0.949334539759682
"4",2,"Validation","chr1",15000001,2e+07,0.687595989069419
"5",3,"Discovery","chr1",20000001,2.5e+07,0.77841473163997
"6",3,"Validation","chr1",20000001,2.5e+07,0.444437227392351
"7",4,"Discovery","chr1",25000001,3e+07,-1.08912510009533
"8",4,"Validation","chr1",25000001,3e+07,-0.303498304065442
"9",5,"Discovery","chr1",30000001,3.5e+07,1.07944026319795
"10",5,"Validation","chr1",30000001,3.5e+07,0.848296488670696
"11",6,"Discovery","chr1",35000001,4e+07,0.666183223058062
"12",6,"Validation","chr1",35000001,4e+07,0.379888546478101
"13",7,"Discovery","chr1",40000001,4.5e+07,-0.0293744106522035
"14",7,"Validation","chr1",40000001,4.5e+07,0.195226916979741
"15",8,"Discovery","chr1",45000001,5e+07,1.12237352857047
"16",8,"Validation","chr1",45000001,5e+07,0.444637974947778
"17",9,"Discovery","chr1",50000001,5.5e+07,0.173137735583588
"18",9,"Validation","chr1",50000001,5.5e+07,0.202637219158863
"19",10,"Discovery","chr1",55000001,6e+07,1.06925537858642
"20",10,"Validation","chr1",55000001,6e+07,0.490234696224554
"21",11,"Discovery","chr1",60000001,6.5e+07,0.257607186075385
"22",11,"Validation","chr1",60000001,6.5e+07,0.13453749215165
"23",12,"Discovery","chr1",65000001,7e+07,-0.104529775636276
"24",12,"Validation","chr1",65000001,7e+07,-0.0977188319787991
"25",13,"Discovery","chr1",70000001,7.5e+07,-0.906327893310169
"26",13,"Validation","chr1",70000001,7.5e+07,-0.465580289818682
"27",14,"Discovery","chr1",75000001,8e+07,-0.236069816528846
"28",14,"Validation","chr1",75000001,8e+07,-0.511060260144756
"29",15,"Discovery","chr1",80000001,8.5e+07,-0.523526402564841
"30",15,"Validation","chr1",80000001,8.5e+07,-0.376496511260093
"31",16,"Discovery","chr1",85000001,9e+07,-0.316622731859705
"32",16,"Validation","chr1",85000001,9e+07,-0.274219264980808
"33",17,"Discovery","chr1",90000001,9.5e+07,0.0286060591347109
"34",17,"Validation","chr1",90000001,9.5e+07,0.0274595322606175
"35",18,"Discovery","chr1",95000001,1e+08,-0.338907577034091
"36",18,"Validation","chr1",95000001,1e+08,-0.202712373488923
"37",19,"Discovery","chr1",100000001,1.05e+08,-1.05059148709582
"38",19,"Validation","chr1",100000001,1.05e+08,-0.410380205442899
"39",20,"Discovery","chr1",105000001,1.1e+08,-1.15312119983872
"40",20,"Validation","chr1",105000001,1.1e+08,-0.500468382240473
"41",21,"Discovery","chr1",110000001,1.15e+08,0.0633879027232953
"42",21,"Validation","chr1",110000001,1.15e+08,0.3324182374997
"43",22,"Discovery","chr1",115000001,1.2e+08,0.676399904641181
"44",22,"Validation","chr1",115000001,1.2e+08,0.318208521907058
"45",23,"Discovery","chr1",150000001,1.55e+08,-0.530991999074035
"46",23,"Validation","chr1",150000001,1.55e+08,-0.232829849011434
"47",24,"Discovery","chr1",155000001,1.6e+08,-0.66344053597538
"48",24,"Validation","chr1",155000001,1.6e+08,-0.052649104974217
"49",25,"Discovery","chr1",160000001,1.65e+08,-0.0361351723746879
"50",25,"Validation","chr1",160000001,1.65e+08,0.0157813524176539
"51",26,"Discovery","chr1",165000001,1.7e+08,0.0844383380064667
"52",26,"Validation","chr1",165000001,1.7e+08,0.155417207353173
"53",27,"Discovery","chr1",170000001,1.75e+08,-0.512911260607935
"54",27,"Validation","chr1",170000001,1.75e+08,0.00483194835640704
"55",28,"Discovery","chr1",175000001,1.8e+08,0.909207822177909
"56",28,"Validation","chr1",175000001,1.8e+08,0.365732978478313
"57",29,"Discovery","chr1",180000001,1.85e+08,0.193686807003416
"58",29,"Validation","chr1",180000001,1.85e+08,0.365983053122565
"59",30,"Discovery","chr1",185000001,1.9e+08,-1.20599995627457
"60",30,"Validation","chr1",185000001,1.9e+08,-0.506317317981691
"61",31,"Discovery","chr1",190000001,1.95e+08,-1.32477189568891
"62",31,"Validation","chr1",190000001,1.95e+08,-0.559016461717445
"63",32,"Discovery","chr1",195000001,2e+08,-1.00156646784822
"64",32,"Validation","chr1",195000001,2e+08,-0.41625425157913
"65",33,"Discovery","chr1",200000001,2.05e+08,0.600882674553624
"66",33,"Validation","chr1",200000001,2.05e+08,0.308487634588057
"67",34,"Discovery","chr1",205000001,2.1e+08,0.766125532255709
"68",34,"Validation","chr1",205000001,2.1e+08,0.565053193613756
"69",35,"Discovery","chr1",210000001,2.15e+08,0.749674576264127
"70",35,"Validation","chr1",210000001,2.15e+08,0.399748607887245
"71",36,"Discovery","chr1",215000001,2.2e+08,0.165215818769054
"72",36,"Validation","chr1",215000001,2.2e+08,-0.123299938615936
"73",37,"Discovery","chr1",220000001,2.25e+08,0.878799486869865
"74",37,"Validation","chr1",220000001,2.25e+08,0.494026178891718
"75",38,"Discovery","chr1",225000001,2.3e+08,0.0208213940672081
"76",38,"Validation","chr1",225000001,2.3e+08,0.26531323682032
"77",39,"Discovery","chr1",230000001,2.35e+08,0.857206551095951
"78",39,"Validation","chr1",230000001,2.35e+08,0.500475750647726
"79",40,"Discovery","chr1",235000001,2.4e+08,-0.209771372951638
"80",40,"Validation","chr1",235000001,2.4e+08,-0.278415305867334
"81",41,"Discovery","chr1",240000001,2.45e+08,0.588033415295567
"82",41,"Validation","chr1",240000001,2.45e+08,0.214317354191549
"83",42,"Discovery","chr2",5000001,1e+07,0.377339586512162
"84",42,"Validation","chr2",5000001,1e+07,0.11474429845096
"85",43,"Discovery","chr2",10000001,1.5e+07,0.596324679539705
"86",43,"Validation","chr2",10000001,1.5e+07,0.313846011879037
"87",44,"Discovery","chr2",15000001,2e+07,1.04055766874294
"88",44,"Validation","chr2",15000001,2e+07,0.514541316674427
"89",45,"Discovery","chr2",20000001,2.5e+07,0.494403786738202
"90",45,"Validation","chr2",20000001,2.5e+07,0.337465407853497
"91",46,"Discovery","chr2",25000001,3e+07,0.219657493401877
"92",46,"Validation","chr2",25000001,3e+07,0.493232123301711
"93",47,"Discovery","chr2",30000001,3.5e+07,0.186519399423417
"94",47,"Validation","chr2",30000001,3.5e+07,0.286628963148465
"95",48,"Discovery","chr2",35000001,4e+07,-0.682215567586854
"96",48,"Validation","chr2",35000001,4e+07,-0.197399732968855
"97",49,"Discovery","chr2",40000001,4.5e+07,-0.433488460191885
"98",49,"Validation","chr2",40000001,4.5e+07,-0.0352225213721704
"99",50,"Discovery","chr2",45000001,5e+07,0.519857979634726
"100",50,"Validation","chr2",45000001,5e+07,0.554042549542903
"101",51,"Discovery","chr2",50000001,5.5e+07,-0.408965950143088
"102",51,"Validation","chr2",50000001,5.5e+07,0.0290533957059451
"103",52,"Discovery","chr2",55000001,6e+07,-0.134515275187847
"104",52,"Validation","chr2",55000001,6e+07,0.0574681626413618
"105",53,"Discovery","chr2",60000001,6.5e+07,-0.992615635283728
"106",53,"Validation","chr2",60000001,6.5e+07,-0.447562777647442
"107",54,"Discovery","chr2",65000001,7e+07,0.0564733815179825
"108",54,"Validation","chr2",65000001,7e+07,0.16921377246882
"109",55,"Discovery","chr2",70000001,7.5e+07,-0.285029017059395
"110",55,"Validation","chr2",70000001,7.5e+07,0.15287923993361
"111",56,"Discovery","chr2",75000001,8e+07,-0.566192133783396
"112",56,"Validation","chr2",75000001,8e+07,-0.289799832353755
"113",57,"Discovery","chr2",80000001,8.5e+07,-0.288968327873637
"114",57,"Validation","chr2",80000001,8.5e+07,-0.329657820818629
"115",58,"Discovery","chr2",100000001,1.05e+08,0.0149651487844054
"116",58,"Validation","chr2",100000001,1.05e+08,0.337913907509117
"117",59,"Discovery","chr2",105000001,1.1e+08,0.279077828329554
"118",59,"Validation","chr2",105000001,1.1e+08,0.164349163916263
"119",60,"Discovery","chr2",115000001,1.2e+08,0.705822666273972
"120",60,"Validation","chr2",115000001,1.2e+08,0.198370256613258
"121",61,"Discovery","chr2",120000001,1.25e+08,0.690904118873438
"122",61,"Validation","chr2",120000001,1.25e+08,0.633185341768634
"123",62,"Discovery","chr2",125000001,1.3e+08,0.75389399460776
"124",62,"Validation","chr2",125000001,1.3e+08,0.399863175533312
"125",63,"Discovery","chr2",135000001,1.4e+08,0.0317309021567687
"126",63,"Validation","chr2",135000001,1.4e+08,0.0711165045987351
"127",64,"Discovery","chr2",140000001,1.45e+08,-1.11560578191419
"128",64,"Validation","chr2",140000001,1.45e+08,-0.517287614013829
"129",65,"Discovery","chr2",145000001,1.5e+08,-1.02627444887508
"130",65,"Validation","chr2",145000001,1.5e+08,-0.383890901728102
"131",66,"Discovery","chr2",150000001,1.55e+08,0.0950931193552477
"132",66,"Validation","chr2",150000001,1.55e+08,-0.120657098818196
"133",67,"Discovery","chr2",155000001,1.6e+08,-0.152213530011311
"134",67,"Validation","chr2",155000001,1.6e+08,-0.241710898710881
"135",68,"Discovery","chr2",160000001,1.65e+08,-0.907781666190644
"136",68,"Validation","chr2",160000001,1.65e+08,-0.272270861486606
"137",69,"Discovery","chr2",165000001,1.7e+08,-0.365351126376539
"138",69,"Validation","chr2",165000001,1.7e+08,-0.0654942299821992
"139",70,"Discovery","chr2",170000001,1.75e+08,-0.310261596495229
"140",70,"Validation","chr2",170000001,1.75e+08,-0.10919343369143
"141",71,"Discovery","chr2",175000001,1.8e+08,-0.0337277109205791
"142",71,"Validation","chr2",175000001,1.8e+08,-0.049316348303376
"143",72,"Discovery","chr2",180000001,1.85e+08,-0.705987263687907
"144",72,"Validation","chr2",180000001,1.85e+08,-0.184730052186542
"145",73,"Discovery","chr2",185000001,1.9e+08,-0.978622607245611
"146",73,"Validation","chr2",185000001,1.9e+08,-0.41205799716861
"147",74,"Discovery","chr2",190000001,1.95e+08,-0.746976840830996
"148",74,"Validation","chr2",190000001,1.95e+08,-0.391916583611364
"149",75,"Discovery","chr2",195000001,2e+08,-0.747054523843971
"150",75,"Validation","chr2",195000001,2e+08,-0.348935874663151
"151",76,"Discovery","chr2",200000001,2.05e+08,-0.0243465669161675
"152",76,"Validation","chr2",200000001,2.05e+08,0.0397220970671415
"153",77,"Discovery","chr2",205000001,2.1e+08,0.117575438346979
"154",77,"Validation","chr2",205000001,2.1e+08,-0.0495311441417437
"155",78,"Discovery","chr2",210000001,2.15e+08,-0.220716394986108
"156",78,"Validation","chr2",210000001,2.15e+08,-0.235969645337656
"157",79,"Discovery","chr2",215000001,2.2e+08,0.465092107358742
"158",79,"Validation","chr2",215000001,2.2e+08,0.470254287066869
"159",80,"Discovery","chr2",220000001,2.25e+08,0.916786367296314
"160",80,"Validation","chr2",220000001,2.25e+08,0.409686228516239
"161",81,"Discovery","chr2",225000001,2.3e+08,0.453149928415081
"162",81,"Validation","chr2",225000001,2.3e+08,0.0858248429474647
"163",82,"Discovery","chr2",230000001,2.35e+08,0.106238073563465
"164",82,"Validation","chr2",230000001,2.35e+08,0.0633236469151509
"165",83,"Discovery","chr2",235000001,2.4e+08,1.41932446625815
"166",83,"Validation","chr2",235000001,2.4e+08,0.713628093756911
"167",84,"Discovery","chr3",5000001,1e+07,0.639168200609569
"168",84,"Validation","chr3",5000001,1e+07,0.404681929061203
"169",85,"Discovery","chr3",10000001,1.5e+07,0.707739460684386
"170",85,"Validation","chr3",10000001,1.5e+07,0.565996959372184
"171",86,"Discovery","chr3",15000001,2e+07,-0.631220781410642
"172",86,"Validation","chr3",15000001,2e+07,-0.270687742692424
"173",87,"Discovery","chr3",20000001,2.5e+07,-0.371242039358966
"174",87,"Validation","chr3",20000001,2.5e+07,-0.209381899314301
"175",88,"Discovery","chr3",25000001,3e+07,0.433078824745906
"176",88,"Validation","chr3",25000001,3e+07,0.38175531228636
"177",89,"Discovery","chr3",30000001,3.5e+07,-0.397759183601331
"178",89,"Validation","chr3",30000001,3.5e+07,-0.111684221541877
"179",90,"Discovery","chr3",35000001,4e+07,-0.0826864465740046
"180",90,"Validation","chr3",35000001,4e+07,0.176308277371732
"181",91,"Discovery","chr3",40000001,4.5e+07,0.267063600146
"182",91,"Validation","chr3",40000001,4.5e+07,0.413594038057527
"183",92,"Discovery","chr3",45000001,5e+07,-0.963114196842148
"184",92,"Validation","chr3",45000001,5e+07,-0.270808997808472
"185",93,"Discovery","chr3",50000001,5.5e+07,0.529616756052143
"186",93,"Validation","chr3",50000001,5.5e+07,0.724991559860118
"187",94,"Discovery","chr3",55000001,6e+07,0.716596079251904
"188",94,"Validation","chr3",55000001,6e+07,0.306810158677985
"189",95,"Discovery","chr3",60000001,6.5e+07,1.02517677854177
"190",95,"Validation","chr3",60000001,6.5e+07,0.532329791659222
"191",96,"Discovery","chr3",65000001,7e+07,1.02280313529926
"192",96,"Validation","chr3",65000001,7e+07,0.529440610869519
"193",97,"Discovery","chr3",70000001,7.5e+07,0.16122553728695
"194",97,"Validation","chr3",70000001,7.5e+07,0.323865145285761
"195",98,"Discovery","chr3",75000001,8e+07,-0.962396268781941
"196",98,"Validation","chr3",75000001,8e+07,-0.356437568293984
"197",99,"Discovery","chr3",80000001,8.5e+07,-1.11106921998527
"198",99,"Validation","chr3",80000001,8.5e+07,-0.42873801410325
"199",100,"Discovery","chr3",85000001,9e+07,-0.783128434875916
"200",100,"Validation","chr3",85000001,9e+07,-0.564622884782533
"201",101,"Discovery","chr3",95000001,1e+08,-0.633652854518443
"202",101,"Validation","chr3",95000001,1e+08,-0.403250815930464
"203",102,"Discovery","chr3",100000001,1.05e+08,-0.907294107267613
"204",102,"Validation","chr3",100000001,1.05e+08,-0.552728555266454
"205",103,"Discovery","chr3",105000001,1.1e+08,-0.449032375858436
"206",103,"Validation","chr3",105000001,1.1e+08,-0.450704760495528
"207",104,"Discovery","chr3",110000001,1.15e+08,-0.718645147253871
"208",104,"Validation","chr3",110000001,1.15e+08,-0.320019692295089
"209",105,"Discovery","chr3",115000001,1.2e+08,0.270185294766898
"210",105,"Validation","chr3",115000001,1.2e+08,0.118528107797084
"211",106,"Discovery","chr3",120000001,1.25e+08,0.337768443537387
"212",106,"Validation","chr3",120000001,1.25e+08,0.161033059689572
"213",107,"Discovery","chr3",125000001,1.3e+08,0.441428640466492
"214",107,"Validation","chr3",125000001,1.3e+08,0.547801841319304
"215",108,"Discovery","chr3",130000001,1.35e+08,0.52709701711469
"216",108,"Validation","chr3",130000001,1.35e+08,0.227438808473105
"217",109,"Discovery","chr3",135000001,1.4e+08,0.875031570164575
"218",109,"Validation","chr3",135000001,1.4e+08,0.561189209318144
"219",110,"Discovery","chr3",140000001,1.45e+08,-0.17347465500915
"220",110,"Validation","chr3",140000001,1.45e+08,-0.0329084632419271
"221",111,"Discovery","chr3",145000001,1.5e+08,-0.798361392339188
"222",111,"Validation","chr3",145000001,1.5e+08,-0.368875669396371
"223",112,"Discovery","chr3",150000001,1.55e+08,-1.22760114320972
"224",112,"Validation","chr3",150000001,1.55e+08,-0.392168187974799
"225",113,"Discovery","chr3",155000001,1.6e+08,-0.0380769779280718
"226",113,"Validation","chr3",155000001,1.6e+08,0.171747249369429
"227",114,"Discovery","chr3",160000001,1.65e+08,-1.12806278720403
"228",114,"Validation","chr3",160000001,1.65e+08,-0.590369008553671
"229",115,"Discovery","chr3",165000001,1.7e+08,-1.08935856539724
"230",115,"Validation","chr3",165000001,1.7e+08,-0.598184148075473
"231",116,"Discovery","chr3",170000001,1.75e+08,-0.74529414658064
"232",116,"Validation","chr3",170000001,1.75e+08,-0.186851522202953
"233",117,"Discovery","chr3",175000001,1.8e+08,-0.591987795341558
"234",117,"Validation","chr3",175000001,1.8e+08,-0.393011736708138
"235",118,"Discovery","chr3",180000001,1.85e+08,-0.416896319265492
"236",118,"Validation","chr3",180000001,1.85e+08,-0.209288432614156
"237",119,"Discovery","chr3",185000001,1.9e+08,0.0869806873332142
"238",119,"Validation","chr3",185000001,1.9e+08,0.0428191289093655
"239",120,"Discovery","chr3",190000001,1.95e+08,0.0500299656283809
"240",120,"Validation","chr3",190000001,1.95e+08,0.10717458516163
"241",121,"Discovery","chr4",5000001,1e+07,1.38546983290673
"242",121,"Validation","chr4",5000001,1e+07,0.741808058239047
"243",122,"Discovery","chr4",10000001,1.5e+07,0.617347007149471
"244",122,"Validation","chr4",10000001,1.5e+07,0.390466823717437
"245",123,"Discovery","chr4",15000001,2e+07,-0.121637509791566
"246",123,"Validation","chr4",15000001,2e+07,0.255908002272053
"247",124,"Discovery","chr4",20000001,2.5e+07,0.698239379530058
"248",124,"Validation","chr4",20000001,2.5e+07,0.137378052613871
"249",125,"Discovery","chr4",25000001,3e+07,-0.543281518129355
"250",125,"Validation","chr4",25000001,3e+07,-0.166645498112848
"251",126,"Discovery","chr4",30000001,3.5e+07,-1.4111315531596
"252",126,"Validation","chr4",30000001,3.5e+07,-0.598919492433334
"253",127,"Discovery","chr4",35000001,4e+07,-0.690633070201231
"254",127,"Validation","chr4",35000001,4e+07,-0.492688471876151
"255",128,"Discovery","chr4",40000001,4.5e+07,0.376851251076988
"256",128,"Validation","chr4",40000001,4.5e+07,0.124224757247995
"257",129,"Discovery","chr4",55000001,6e+07,-0.102177203011252
"258",129,"Validation","chr4",55000001,6e+07,-0.235192711155228
"259",130,"Discovery","chr4",60000001,6.5e+07,-1.1664102393176
"260",130,"Validation","chr4",60000001,6.5e+07,-0.577139892889776
"261",131,"Discovery","chr4",65000001,7e+07,-0.885058301118854
"262",131,"Validation","chr4",65000001,7e+07,-0.461086959447824
"263",132,"Discovery","chr4",70000001,7.5e+07,-0.673752942273817
"264",132,"Validation","chr4",70000001,7.5e+07,-0.440178146453193
"265",133,"Discovery","chr4",75000001,8e+07,0.411347373537728
"266",133,"Validation","chr4",75000001,8e+07,-0.0370723663845981
"267",134,"Discovery","chr4",80000001,8.5e+07,-0.547419613250277
"268",134,"Validation","chr4",80000001,8.5e+07,-0.119086333782209
"269",135,"Discovery","chr4",85000001,9e+07,-0.534621601492149
"270",135,"Validation","chr4",85000001,9e+07,-0.11340806513878
"271",136,"Discovery","chr4",90000001,9.5e+07,-0.926151274453596
"272",136,"Validation","chr4",90000001,9.5e+07,-0.458779449737045
"273",137,"Discovery","chr4",95000001,1e+08,-0.677185388914215
"274",137,"Validation","chr4",95000001,1e+08,-0.337091539934577
"275",138,"Discovery","chr4",100000001,1.05e+08,-0.876989513242703
"276",138,"Validation","chr4",100000001,1.05e+08,-0.539163740997442
"277",139,"Discovery","chr4",105000001,1.1e+08,-0.543520657854395
"278",139,"Validation","chr4",105000001,1.1e+08,-0.408846950114374
"279",140,"Discovery","chr4",110000001,1.15e+08,0.0201238698903829
"280",140,"Validation","chr4",110000001,1.15e+08,-0.214976136945486
"281",141,"Discovery","chr4",115000001,1.2e+08,-0.745722857985423
"282",141,"Validation","chr4",115000001,1.2e+08,-0.46938210481878
"283",142,"Discovery","chr4",120000001,1.25e+08,-0.518615695757486
"284",142,"Validation","chr4",120000001,1.25e+08,-0.730967983707063
"285",143,"Discovery","chr4",125000001,1.3e+08,-0.686930030168212
"286",143,"Validation","chr4",125000001,1.3e+08,-0.264437114802658
"287",144,"Discovery","chr4",130000001,1.35e+08,-1.15154441567736
"288",144,"Validation","chr4",130000001,1.35e+08,-0.517420617367082
"289",145,"Discovery","chr4",135000001,1.4e+08,-0.981992575344288
"290",145,"Validation","chr4",135000001,1.4e+08,-0.504068732887925
"291",146,"Discovery","chr4",140000001,1.45e+08,-0.596217380810012
"292",146,"Validation","chr4",140000001,1.45e+08,-0.249765192455397
"293",147,"Discovery","chr4",145000001,1.5e+08,0.657485834435098
"294",147,"Validation","chr4",145000001,1.5e+08,-0.101438865938316
"295",148,"Discovery","chr4",150000001,1.55e+08,0.0152856937814902
"296",148,"Validation","chr4",150000001,1.55e+08,-0.0168936967091717
"297",149,"Discovery","chr4",155000001,1.6e+08,-0.368944198420278
"298",149,"Validation","chr4",155000001,1.6e+08,-0.36239357910175
"299",150,"Discovery","chr4",160000001,1.65e+08,-1.1157451498008
"300",150,"Validation","chr4",160000001,1.65e+08,-0.636386362589778
"301",151,"Discovery","chr4",165000001,1.7e+08,-0.14034798925696
"302",151,"Validation","chr4",165000001,1.7e+08,-0.338359945355981
"303",152,"Discovery","chr4",170000001,1.75e+08,-0.537713563054806
"304",152,"Validation","chr4",170000001,1.75e+08,-0.580452302416868
"305",153,"Discovery","chr4",175000001,1.8e+08,-0.757674163871773
"306",153,"Validation","chr4",175000001,1.8e+08,-0.598132172851525
"307",154,"Discovery","chr4",180000001,1.85e+08,0.306859377544613
"308",154,"Validation","chr4",180000001,1.85e+08,-0.479887642279327
"309",155,"Discovery","chr4",185000001,1.9e+08,0.169568487720803
"310",155,"Validation","chr4",185000001,1.9e+08,-0.0189518812152943
"311",156,"Discovery","chr5",5000001,1e+07,1.14366983576243
"312",156,"Validation","chr5",5000001,1e+07,0.46235794839081
"313",157,"Discovery","chr5",10000001,1.5e+07,0.622861648637563
"314",157,"Validation","chr5",10000001,1.5e+07,0.233236864250363
"315",158,"Discovery","chr5",15000001,2e+07,0.399595435325888
"316",158,"Validation","chr5",15000001,2e+07,0.0215727559556447
"317",159,"Discovery","chr5",20000001,2.5e+07,-0.99948653905217
"318",159,"Validation","chr5",20000001,2.5e+07,-0.73604011595903
"319",160,"Discovery","chr5",25000001,3e+07,-1.24344767657118
"320",160,"Validation","chr5",25000001,3e+07,-0.682356545434426
"321",161,"Discovery","chr5",30000001,3.5e+07,0.423159604225024
"322",161,"Validation","chr5",30000001,3.5e+07,-0.044459942637857
"323",162,"Discovery","chr5",35000001,4e+07,0.150115551348346
"324",162,"Validation","chr5",35000001,4e+07,0.0532306489296115
"325",163,"Discovery","chr5",40000001,4.5e+07,-0.400780382972777
"326",163,"Validation","chr5",40000001,4.5e+07,-0.101585197552208
"327",164,"Discovery","chr5",50000001,5.5e+07,-0.486606219973338
"328",164,"Validation","chr5",50000001,5.5e+07,-0.167343796516158
"329",165,"Discovery","chr5",55000001,6e+07,-0.0338380139413014
"330",165,"Validation","chr5",55000001,6e+07,0.0964316381536375
"331",166,"Discovery","chr5",60000001,6.5e+07,0.0240306301815766
"332",166,"Validation","chr5",60000001,6.5e+07,-0.298400808905471
"333",167,"Discovery","chr5",75000001,8e+07,-0.287764595787423
"334",167,"Validation","chr5",75000001,8e+07,-0.237087788358906
"335",168,"Discovery","chr5",80000001,8.5e+07,-0.628037940423182
"336",168,"Validation","chr5",80000001,8.5e+07,-0.371344669141382
"337",169,"Discovery","chr5",85000001,9e+07,-0.715861491950871
"338",169,"Validation","chr5",85000001,9e+07,-0.347335023212544
"339",170,"Discovery","chr5",90000001,9.5e+07,-1.04137708953451
"340",170,"Validation","chr5",90000001,9.5e+07,-0.365514330562306
"341",171,"Discovery","chr5",95000001,1e+08,-0.556183260430623
"342",171,"Validation","chr5",95000001,1e+08,-0.362862028587462
"343",172,"Discovery","chr5",100000001,1.05e+08,-1.13046823701005
"344",172,"Validation","chr5",100000001,1.05e+08,-0.485670265243607
"345",173,"Discovery","chr5",105000001,1.1e+08,-0.911905608724505
"346",173,"Validation","chr5",105000001,1.1e+08,-0.677112435180666
"347",174,"Discovery","chr5",110000001,1.15e+08,0.698975969094409
"348",174,"Validation","chr5",110000001,1.15e+08,0.345398239404083
"349",175,"Discovery","chr5",115000001,1.2e+08,-0.447816829432188
"350",175,"Validation","chr5",115000001,1.2e+08,-0.393667969513121
"351",176,"Discovery","chr5",120000001,1.25e+08,0.209279370857618
"352",176,"Validation","chr5",120000001,1.25e+08,0.0796149830399353
"353",177,"Discovery","chr5",125000001,1.3e+08,0.265894303681979
"354",177,"Validation","chr5",125000001,1.3e+08,-0.194619691606959
"355",178,"Discovery","chr5",130000001,1.35e+08,-0.0294034237188132
"356",178,"Validation","chr5",130000001,1.35e+08,0.488088182094241
"357",179,"Discovery","chr5",135000001,1.4e+08,0.681130933138731
"358",179,"Validation","chr5",135000001,1.4e+08,0.674748426888206
"359",180,"Discovery","chr5",140000001,1.45e+08,-0.124870337876804
"360",180,"Validation","chr5",140000001,1.45e+08,-0.00769608055589966
"361",181,"Discovery","chr5",145000001,1.5e+08,0.434568488375686
"362",181,"Validation","chr5",145000001,1.5e+08,0.353258053373923
"363",182,"Discovery","chr5",150000001,1.55e+08,0.839924276889211
"364",182,"Validation","chr5",150000001,1.55e+08,0.518495835819245
"365",183,"Discovery","chr5",155000001,1.6e+08,0.719157655287135
"366",183,"Validation","chr5",155000001,1.6e+08,0.236511458127193
"367",184,"Discovery","chr5",160000001,1.65e+08,-0.201648942141512
"368",184,"Validation","chr5",160000001,1.65e+08,-0.376562183832396
"369",185,"Discovery","chr5",165000001,1.7e+08,0.840325615849612
"370",185,"Validation","chr5",165000001,1.7e+08,0.332492687310345
"371",186,"Discovery","chr5",170000001,1.75e+08,1.0840930010258
"372",186,"Validation","chr5",170000001,1.75e+08,0.556042029856339
"373",187,"Discovery","chr5",175000001,1.8e+08,0.127729911521815
"374",187,"Validation","chr5",175000001,1.8e+08,0.146282983961134
"375",188,"Discovery","chr6",5000001,1e+07,-0.155788025066797
"376",188,"Validation","chr6",5000001,1e+07,-0.160095368671878
"377",189,"Discovery","chr6",10000001,1.5e+07,-0.240374222769526
"378",189,"Validation","chr6",10000001,1.5e+07,0.0748449092606568
"379",190,"Discovery","chr6",15000001,2e+07,0.045285963023135
"380",190,"Validation","chr6",15000001,2e+07,0.188315404801506
"381",191,"Discovery","chr6",20000001,2.5e+07,-0.789279123486376
"382",191,"Validation","chr6",20000001,2.5e+07,-0.208126422437157
"383",192,"Discovery","chr6",25000001,3e+07,-0.683235537341881
"384",192,"Validation","chr6",25000001,3e+07,-0.246694544469233
"385",193,"Discovery","chr6",30000001,3.5e+07,-0.972953927151273
"386",193,"Validation","chr6",30000001,3.5e+07,-0.0516160984384886
"387",194,"Discovery","chr6",35000001,4e+07,-0.138086471165388
"388",194,"Validation","chr6",35000001,4e+07,0.287712892856118
"389",195,"Discovery","chr6",40000001,4.5e+07,0.651807838302931
"390",195,"Validation","chr6",40000001,4.5e+07,0.54443186412101
"391",196,"Discovery","chr6",45000001,5e+07,0.00506411573266573
"392",196,"Validation","chr6",45000001,5e+07,0.0982851975945873
"393",197,"Discovery","chr6",50000001,5.5e+07,0.423477738261294
"394",197,"Validation","chr6",50000001,5.5e+07,0.216307939195666
"395",198,"Discovery","chr6",65000001,7e+07,-1.19577643912222
"396",198,"Validation","chr6",65000001,7e+07,-0.515522746792492
"397",199,"Discovery","chr6",70000001,7.5e+07,-0.251349106611244
"398",199,"Validation","chr6",70000001,7.5e+07,-0.265211802167414
"399",200,"Discovery","chr6",75000001,8e+07,-0.515287610006926
"400",200,"Validation","chr6",75000001,8e+07,-0.428296706689364
"401",201,"Discovery","chr6",80000001,8.5e+07,0.0732647680908948
"402",201,"Validation","chr6",80000001,8.5e+07,-0.182634860486399
"403",202,"Discovery","chr6",85000001,9e+07,0.0802446837432647
"404",202,"Validation","chr6",85000001,9e+07,-0.489958748599137
"405",203,"Discovery","chr6",90000001,9.5e+07,-0.7450821786873
"406",203,"Validation","chr6",90000001,9.5e+07,-0.547295474712403
"407",204,"Discovery","chr6",95000001,1e+08,-0.155625646852104
"408",204,"Validation","chr6",95000001,1e+08,-0.521077506596234
"409",205,"Discovery","chr6",100000001,1.05e+08,-0.430354249732848
"410",205,"Validation","chr6",100000001,1.05e+08,-0.4781563944911
"411",206,"Discovery","chr6",105000001,1.1e+08,-0.464195186305518
"412",206,"Validation","chr6",105000001,1.1e+08,-0.476683228698297
"413",207,"Discovery","chr6",110000001,1.15e+08,-0.531136270494122
"414",207,"Validation","chr6",110000001,1.15e+08,-0.404939268604334
"415",208,"Discovery","chr6",115000001,1.2e+08,-0.422324697797435
"416",208,"Validation","chr6",115000001,1.2e+08,-0.308789719571854
"417",209,"Discovery","chr6",120000001,1.25e+08,-0.575374129656412
"418",209,"Validation","chr6",120000001,1.25e+08,-0.43478509999977
"419",210,"Discovery","chr6",125000001,1.3e+08,-0.175188178862708
"420",210,"Validation","chr6",125000001,1.3e+08,-0.151765558795668
"421",211,"Discovery","chr6",130000001,1.35e+08,0.369302739727034
"422",211,"Validation","chr6",130000001,1.35e+08,0.0133049519986013
"423",212,"Discovery","chr6",135000001,1.4e+08,-0.456190501365053
"424",212,"Validation","chr6",135000001,1.4e+08,-0.0941142468524225
"425",213,"Discovery","chr6",140000001,1.45e+08,-0.936369047067468
"426",213,"Validation","chr6",140000001,1.45e+08,-0.347539805497036
"427",214,"Discovery","chr6",145000001,1.5e+08,-0.303893136820566
"428",214,"Validation","chr6",145000001,1.5e+08,-0.0340105772756417
"429",215,"Discovery","chr6",150000001,1.55e+08,0.407042383187362
"430",215,"Validation","chr6",150000001,1.55e+08,-0.134737941819281
"431",216,"Discovery","chr6",155000001,1.6e+08,0.246936763186772
"432",216,"Validation","chr6",155000001,1.6e+08,0.118565250104015
"433",217,"Discovery","chr6",160000001,1.65e+08,0.890041745349715
"434",217,"Validation","chr6",160000001,1.65e+08,0.299508690703397
"435",218,"Discovery","chr6",165000001,1.7e+08,1.12411149848475
"436",218,"Validation","chr6",165000001,1.7e+08,0.579162307141313
"437",219,"Discovery","chr7",5000001,1e+07,-0.934919811551796
"438",219,"Validation","chr7",5000001,1e+07,-0.371574288438515
"439",220,"Discovery","chr7",10000001,1.5e+07,-1.01890697090908
"440",220,"Validation","chr7",10000001,1.5e+07,-0.497268475959815
"441",221,"Discovery","chr7",15000001,2e+07,-0.968664679048137
"442",221,"Validation","chr7",15000001,2e+07,-0.37153769554186
"443",222,"Discovery","chr7",20000001,2.5e+07,0.567951279290689
"444",222,"Validation","chr7",20000001,2.5e+07,0.286892121639905
"445",223,"Discovery","chr7",25000001,3e+07,0.542600497354774
"446",223,"Validation","chr7",25000001,3e+07,0.474435364211643
"447",224,"Discovery","chr7",30000001,3.5e+07,1.09242304248561
"448",224,"Validation","chr7",30000001,3.5e+07,0.489268693075822
"449",225,"Discovery","chr7",35000001,4e+07,-0.728990082178955
"450",225,"Validation","chr7",35000001,4e+07,-0.169853782342097
"451",226,"Discovery","chr7",40000001,4.5e+07,0.409960775866343
"452",226,"Validation","chr7",40000001,4.5e+07,0.153082775570597
"453",227,"Discovery","chr7",45000001,5e+07,1.09730456669451
"454",227,"Validation","chr7",45000001,5e+07,0.462916329190967
"455",228,"Discovery","chr7",50000001,5.5e+07,0.0254442206631999
"456",228,"Validation","chr7",50000001,5.5e+07,-0.194484475217218
"457",229,"Discovery","chr7",65000001,7e+07,0.823096101719825
"458",229,"Validation","chr7",65000001,7e+07,0.18491808531783
"459",230,"Discovery","chr7",75000001,8e+07,-0.842921241946041
"460",230,"Validation","chr7",75000001,8e+07,-0.582463107582361
"461",231,"Discovery","chr7",80000001,8.5e+07,-0.869560531179411
"462",231,"Validation","chr7",80000001,8.5e+07,-0.52024852202426
"463",232,"Discovery","chr7",85000001,9e+07,-0.922743049251488
"464",232,"Validation","chr7",85000001,9e+07,-0.517714424696386
"465",233,"Discovery","chr7",90000001,9.5e+07,-0.498183661272038
"466",233,"Validation","chr7",90000001,9.5e+07,-0.400066985165489
"467",234,"Discovery","chr7",95000001,1e+08,0.433697981678528
"468",234,"Validation","chr7",95000001,1e+08,-0.0530280512310062
"469",235,"Discovery","chr7",100000001,1.05e+08,0.0720157369502713
"470",235,"Validation","chr7",100000001,1.05e+08,-0.135208892538453
"471",236,"Discovery","chr7",105000001,1.1e+08,-0.729408515405543
"472",236,"Validation","chr7",105000001,1.1e+08,-0.349844118231997
"473",237,"Discovery","chr7",110000001,1.15e+08,-0.325685198532222
"474",237,"Validation","chr7",110000001,1.15e+08,-0.24354971732704
"475",238,"Discovery","chr7",115000001,1.2e+08,-0.626202427014309
"476",238,"Validation","chr7",115000001,1.2e+08,-0.340449037782553
"477",239,"Discovery","chr7",120000001,1.25e+08,-0.526882300081729
"478",239,"Validation","chr7",120000001,1.25e+08,-0.336940182153383
"479",240,"Discovery","chr7",125000001,1.3e+08,-0.756333232861797
"480",240,"Validation","chr7",125000001,1.3e+08,-0.407154077700007
"481",241,"Discovery","chr7",130000001,1.35e+08,0.526732738421734
"482",241,"Validation","chr7",130000001,1.35e+08,0.316750215376351
"483",242,"Discovery","chr7",135000001,1.4e+08,-0.916811922956828
"484",242,"Validation","chr7",135000001,1.4e+08,-0.164767348126947
"485",243,"Discovery","chr7",140000001,1.45e+08,0.386515297559339
"486",243,"Validation","chr7",140000001,1.45e+08,0.0519127490614662
"487",244,"Discovery","chr7",145000001,1.5e+08,0.0569444663634155
"488",244,"Validation","chr7",145000001,1.5e+08,-0.514935759045969
"489",245,"Discovery","chr7",150000001,1.55e+08,0.803167088212272
"490",245,"Validation","chr7",150000001,1.55e+08,0.465008686781488
"491",246,"Discovery","chr8",10000001,1.5e+07,0.783302037035624
"492",246,"Validation","chr8",10000001,1.5e+07,0.160998797979779
"493",247,"Discovery","chr8",15000001,2e+07,0.202898923707951
"494",247,"Validation","chr8",15000001,2e+07,0.167614822145159
"495",248,"Discovery","chr8",20000001,2.5e+07,1.17959294872066
"496",248,"Validation","chr8",20000001,2.5e+07,0.402027410790556
"497",249,"Discovery","chr8",25000001,3e+07,0.405607160059711
"498",249,"Validation","chr8",25000001,3e+07,0.109247802206942
"499",250,"Discovery","chr8",30000001,3.5e+07,0.67014888464567
"500",250,"Validation","chr8",30000001,3.5e+07,0.110617665909415
"501",251,"Discovery","chr8",35000001,4e+07,0.61460849736146
"502",251,"Validation","chr8",35000001,4e+07,0.211647253268367
"503",252,"Discovery","chr8",50000001,5.5e+07,0.203015320908374
"504",252,"Validation","chr8",50000001,5.5e+07,-0.021755226578804
"505",253,"Discovery","chr8",55000001,6e+07,0.724249504477598
"506",253,"Validation","chr8",55000001,6e+07,0.378583890693321
"507",254,"Discovery","chr8",60000001,6.5e+07,0.195062415517076
"508",254,"Validation","chr8",60000001,6.5e+07,0.147707257192119
"509",255,"Discovery","chr8",65000001,7e+07,-0.0908947080719094
"510",255,"Validation","chr8",65000001,7e+07,-0.347041367639104
"511",256,"Discovery","chr8",70000001,7.5e+07,0.57862040746631
"512",256,"Validation","chr8",70000001,7.5e+07,0.0663889477723091
"513",257,"Discovery","chr8",75000001,8e+07,-0.329900459996999
"514",257,"Validation","chr8",75000001,8e+07,-0.333286934643091
"515",258,"Discovery","chr8",80000001,8.5e+07,0.123371209688183
"516",258,"Validation","chr8",80000001,8.5e+07,-0.168022401202568
"517",259,"Discovery","chr8",85000001,9e+07,-0.70246465505461
"518",259,"Validation","chr8",85000001,9e+07,-0.20849262916167
"519",260,"Discovery","chr8",90000001,9.5e+07,0.217066112177234
"520",260,"Validation","chr8",90000001,9.5e+07,0.0487309533584952
"521",261,"Discovery","chr8",95000001,1e+08,0.546926463641263
"522",261,"Validation","chr8",95000001,1e+08,0.210694851040938
"523",262,"Discovery","chr8",100000001,1.05e+08,-0.372073221173878
"524",262,"Validation","chr8",100000001,1.05e+08,-0.131481837905041
"525",263,"Discovery","chr8",105000001,1.1e+08,-0.625023176530591
"526",263,"Validation","chr8",105000001,1.1e+08,-0.158803033245654
"527",264,"Discovery","chr8",110000001,1.15e+08,-0.959791302907164
"528",264,"Validation","chr8",110000001,1.15e+08,-0.49609534797997
"529",265,"Discovery","chr8",115000001,1.2e+08,0.243621364057621
"530",265,"Validation","chr8",115000001,1.2e+08,0.0872107419202469
"531",266,"Discovery","chr8",120000001,1.25e+08,0.286219873010188
"532",266,"Validation","chr8",120000001,1.25e+08,0.0228565809844468
"533",267,"Discovery","chr8",125000001,1.3e+08,0.648480395545318
"534",267,"Validation","chr8",125000001,1.3e+08,0.347529049938112
"535",268,"Discovery","chr8",130000001,1.35e+08,0.42775838652612
"536",268,"Validation","chr8",130000001,1.35e+08,0.567636838255357
"537",269,"Discovery","chr8",135000001,1.4e+08,1.26252498288296
"538",269,"Validation","chr8",135000001,1.4e+08,0.444214196477908
"539",270,"Discovery","chr8",140000001,1.45e+08,1.13195719593574
"540",270,"Validation","chr8",140000001,1.45e+08,0.64176209690942
"541",271,"Discovery","chr9",5000001,1e+07,-0.453041201852431
"542",271,"Validation","chr9",5000001,1e+07,-0.654434446022034
"543",272,"Discovery","chr9",10000001,1.5e+07,-0.817390075579288
"544",272,"Validation","chr9",10000001,1.5e+07,-0.525524671540596
"545",273,"Discovery","chr9",15000001,2e+07,1.13043859390254
"546",273,"Validation","chr9",15000001,2e+07,0.259594885907407
"547",274,"Discovery","chr9",20000001,2.5e+07,-0.817324697991526
"548",274,"Validation","chr9",20000001,2.5e+07,-0.613592045003535
"549",275,"Discovery","chr9",25000001,3e+07,-0.620675454406812
"550",275,"Validation","chr9",25000001,3e+07,-0.355508979629004
"551",276,"Discovery","chr9",30000001,3.5e+07,-0.254530857134867
"552",276,"Validation","chr9",30000001,3.5e+07,-0.0873181950348074
"553",277,"Discovery","chr9",75000001,8e+07,0.147428524373099
"554",277,"Validation","chr9",75000001,8e+07,-0.218391746019336
"555",278,"Discovery","chr9",80000001,8.5e+07,0.075066542906694
"556",278,"Validation","chr9",80000001,8.5e+07,-0.266391881505451
"557",279,"Discovery","chr9",85000001,9e+07,0.720479414480102
"558",279,"Validation","chr9",85000001,9e+07,0.292776512359304
"559",280,"Discovery","chr9",90000001,9.5e+07,0.494545720236857
"560",280,"Validation","chr9",90000001,9.5e+07,0.4318169827355
"561",281,"Discovery","chr9",95000001,1e+08,0.411844635969892
"562",281,"Validation","chr9",95000001,1e+08,0.130932451645269
"563",282,"Discovery","chr9",100000001,1.05e+08,0.364731735367519
"564",282,"Validation","chr9",100000001,1.05e+08,0.405389374897579
"565",283,"Discovery","chr9",105000001,1.1e+08,-0.157618353679389
"566",283,"Validation","chr9",105000001,1.1e+08,0.177127854214615
"567",284,"Discovery","chr9",110000001,1.15e+08,0.697852954577262
"568",284,"Validation","chr9",110000001,1.15e+08,0.33762959144694
"569",285,"Discovery","chr9",115000001,1.2e+08,0.853936643612685
"570",285,"Validation","chr9",115000001,1.2e+08,0.505529720855359
"571",286,"Discovery","chr9",120000001,1.25e+08,0.811554239690761
"572",286,"Validation","chr9",120000001,1.25e+08,0.619993378030405
"573",287,"Discovery","chr9",125000001,1.3e+08,-0.394446063701711
"574",287,"Validation","chr9",125000001,1.3e+08,0.142276781305483
"575",288,"Discovery","chr9",130000001,1.35e+08,0.0726402722432763
"576",288,"Validation","chr9",130000001,1.35e+08,0.050901580299499
"577",289,"Discovery","chr9",135000001,1.4e+08,0.74554842074755
"578",289,"Validation","chr9",135000001,1.4e+08,0.579572526800852
"579",290,"Discovery","chr10",5000001,1e+07,0.0489033838409724
"580",290,"Validation","chr10",5000001,1e+07,0.0190736636748387
"581",291,"Discovery","chr10",10000001,1.5e+07,0.513959806585974
"582",291,"Validation","chr10",10000001,1.5e+07,0.414977561177318
"583",292,"Discovery","chr10",15000001,2e+07,0.220389891074681
"584",292,"Validation","chr10",15000001,2e+07,0.0804005886629045
"585",293,"Discovery","chr10",20000001,2.5e+07,0.293071700599479
"586",293,"Validation","chr10",20000001,2.5e+07,0.210256861999821
"587",294,"Discovery","chr10",25000001,3e+07,-0.410781897041511
"588",294,"Validation","chr10",25000001,3e+07,-0.386670528308791
"589",295,"Discovery","chr10",30000001,3.5e+07,-0.271593765599855
"590",295,"Validation","chr10",30000001,3.5e+07,-0.149807112358582
"591",296,"Discovery","chr10",55000001,6e+07,-0.988710059964125
"592",296,"Validation","chr10",55000001,6e+07,-0.512217220161823
"593",297,"Discovery","chr10",60000001,6.5e+07,0.311170595362243
"594",297,"Validation","chr10",60000001,6.5e+07,0.156484762203928
"595",298,"Discovery","chr10",65000001,7e+07,-0.693220057415872
"596",298,"Validation","chr10",65000001,7e+07,-0.384820784304665
"597",299,"Discovery","chr10",70000001,7.5e+07,0.0717105128942417
"598",299,"Validation","chr10",70000001,7.5e+07,0.364382177826083
"599",300,"Discovery","chr10",75000001,8e+07,-0.0513793220664464
"600",300,"Validation","chr10",75000001,8e+07,-0.0323600816171158
"601",301,"Discovery","chr10",80000001,8.5e+07,0.661442143030471
"602",301,"Validation","chr10",80000001,8.5e+07,0.400204532732943
"603",302,"Discovery","chr10",85000001,9e+07,0.897035875877233
"604",302,"Validation","chr10",85000001,9e+07,0.384853028682669
"605",303,"Discovery","chr10",90000001,9.5e+07,-0.243941314653917
"606",303,"Validation","chr10",90000001,9.5e+07,-0.179331372351248
"607",304,"Discovery","chr10",95000001,1e+08,0.857683603848631
"608",304,"Validation","chr10",95000001,1e+08,0.395846760597073
"609",305,"Discovery","chr10",100000001,1.05e+08,0.0620045033058256
"610",305,"Validation","chr10",100000001,1.05e+08,0.025944320561691
"611",306,"Discovery","chr10",105000001,1.1e+08,0.922751072806085
"612",306,"Validation","chr10",105000001,1.1e+08,0.503968064115859
"613",307,"Discovery","chr10",110000001,1.15e+08,0.803612815319803
"614",307,"Validation","chr10",110000001,1.15e+08,0.513214631629088
"615",308,"Discovery","chr10",115000001,1.2e+08,0.991433961236921
"616",308,"Validation","chr10",115000001,1.2e+08,0.414930948817597
"617",309,"Discovery","chr10",120000001,1.25e+08,1.22957903349536
"618",309,"Validation","chr10",120000001,1.25e+08,0.702479232556049
"619",310,"Discovery","chr10",125000001,1.3e+08,1.07365975713688
"620",310,"Validation","chr10",125000001,1.3e+08,0.720363527336565
"621",311,"Discovery","chr10",130000001,1.35e+08,1.30365553604453
"622",311,"Validation","chr10",130000001,1.35e+08,0.638388136917519
"623",312,"Discovery","chr11",5000001,1e+07,0.538449474985871
"624",312,"Validation","chr11",5000001,1e+07,0.495655609570016
"625",313,"Discovery","chr11",10000001,1.5e+07,0.617222937560426
"626",313,"Validation","chr11",10000001,1.5e+07,0.590428586808283
"627",314,"Discovery","chr11",15000001,2e+07,1.14097787084726
"628",314,"Validation","chr11",15000001,2e+07,0.450762413649747
"629",315,"Discovery","chr11",20000001,2.5e+07,-0.196636247992965
"630",315,"Validation","chr11",20000001,2.5e+07,-0.247409083008006
"631",316,"Discovery","chr11",25000001,3e+07,-0.695303953328448
"632",316,"Validation","chr11",25000001,3e+07,-0.412831871951075
"633",317,"Discovery","chr11",30000001,3.5e+07,0.315794759096159
"634",317,"Validation","chr11",30000001,3.5e+07,0.0201242791999399
"635",318,"Discovery","chr11",35000001,4e+07,-0.0811822048624615
"636",318,"Validation","chr11",35000001,4e+07,-0.06956473349418
"637",319,"Discovery","chr11",40000001,4.5e+07,0.211543482025002
"638",319,"Validation","chr11",40000001,4.5e+07,0.120263065176092
"639",320,"Discovery","chr11",45000001,5e+07,-0.430506415867977
"640",320,"Validation","chr11",45000001,5e+07,-0.0817973459464074
"641",321,"Discovery","chr11",55000001,6e+07,-0.164406758897809
"642",321,"Validation","chr11",55000001,6e+07,0.194169535110655
"643",322,"Discovery","chr11",60000001,6.5e+07,-0.249234687629215
"644",322,"Validation","chr11",60000001,6.5e+07,0.206841386874517
"645",323,"Discovery","chr11",65000001,7e+07,-0.687736267496332
"646",323,"Validation","chr11",65000001,7e+07,-0.232090786827737
"647",324,"Discovery","chr11",70000001,7.5e+07,-0.241419216439755
"648",324,"Validation","chr11",70000001,7.5e+07,0.272039740934137
"649",325,"Discovery","chr11",75000001,8e+07,0.356070915950896
"650",325,"Validation","chr11",75000001,8e+07,0.497445369726738
"651",326,"Discovery","chr11",80000001,8.5e+07,-0.159242936133748
"652",326,"Validation","chr11",80000001,8.5e+07,-0.0718177498546314
"653",327,"Discovery","chr11",90000001,9.5e+07,0.0971796093820787
"654",327,"Validation","chr11",90000001,9.5e+07,-0.0544769474873111
"655",328,"Discovery","chr11",95000001,1e+08,-0.850017147092739
"656",328,"Validation","chr11",95000001,1e+08,-0.399490231965943
"657",329,"Discovery","chr11",100000001,1.05e+08,0.259324944112637
"658",329,"Validation","chr11",100000001,1.05e+08,-0.105889132887009
"659",330,"Discovery","chr11",105000001,1.1e+08,-0.18387739924772
"660",330,"Validation","chr11",105000001,1.1e+08,-0.317421440172677
"661",331,"Discovery","chr11",110000001,1.15e+08,1.37996119728334
"662",331,"Validation","chr11",110000001,1.15e+08,0.661783672163385
"663",332,"Discovery","chr11",115000001,1.2e+08,1.19224511564443
"664",332,"Validation","chr11",115000001,1.2e+08,0.919240292292347
"665",333,"Discovery","chr11",120000001,1.25e+08,0.80388703961288
"666",333,"Validation","chr11",120000001,1.25e+08,0.511321558434826
"667",334,"Discovery","chr11",125000001,1.3e+08,1.17297269708418
"668",334,"Validation","chr11",125000001,1.3e+08,0.583987298066253
"669",335,"Discovery","chr12",5000001,1e+07,-0.168674891976904
"670",335,"Validation","chr12",5000001,1e+07,0.111179370281469
"671",336,"Discovery","chr12",10000001,1.5e+07,-0.218902818377591
"672",336,"Validation","chr12",10000001,1.5e+07,-0.132833996269112
"673",337,"Discovery","chr12",15000001,2e+07,-0.561695749037446
"674",337,"Validation","chr12",15000001,2e+07,-0.315245639814635
"675",338,"Discovery","chr12",20000001,2.5e+07,-0.573334555120818
"676",338,"Validation","chr12",20000001,2.5e+07,-0.453642829846789
"677",339,"Discovery","chr12",25000001,3e+07,-0.863543965054226
"678",339,"Validation","chr12",25000001,3e+07,-0.19829516558939
"679",340,"Discovery","chr12",40000001,4.5e+07,-0.543431363942695
"680",340,"Validation","chr12",40000001,4.5e+07,-0.229558533032208
"681",341,"Discovery","chr12",45000001,5e+07,-1.02664958447529
"682",341,"Validation","chr12",45000001,5e+07,-0.50337818326984
"683",342,"Discovery","chr12",50000001,5.5e+07,-0.112630435282231
"684",342,"Validation","chr12",50000001,5.5e+07,0.452780394083617
"685",343,"Discovery","chr12",55000001,6e+07,-0.215018320431064
"686",343,"Validation","chr12",55000001,6e+07,-0.340218884527899
"687",344,"Discovery","chr12",60000001,6.5e+07,-1.09382508275255
"688",344,"Validation","chr12",60000001,6.5e+07,-0.689689726767402
"689",345,"Discovery","chr12",65000001,7e+07,-0.53339542623756
"690",345,"Validation","chr12",65000001,7e+07,-0.00758568562401687
"691",346,"Discovery","chr12",70000001,7.5e+07,-0.581996656268989
"692",346,"Validation","chr12",70000001,7.5e+07,-0.240509937955196
"693",347,"Discovery","chr12",75000001,8e+07,-0.641189379466957
"694",347,"Validation","chr12",75000001,8e+07,-0.440161914850331
"695",348,"Discovery","chr12",80000001,8.5e+07,-0.669433551376742
"696",348,"Validation","chr12",80000001,8.5e+07,-0.270969572362177
"697",349,"Discovery","chr12",85000001,9e+07,-1.20740763775589
"698",349,"Validation","chr12",85000001,9e+07,-0.351910832303563
"699",350,"Discovery","chr12",90000001,9.5e+07,-0.457511027498717
"700",350,"Validation","chr12",90000001,9.5e+07,-0.0837351109580858
"701",351,"Discovery","chr12",95000001,1e+08,0.757894940859377
"702",351,"Validation","chr12",95000001,1e+08,0.22802472779684
"703",352,"Discovery","chr12",100000001,1.05e+08,0.420402920781158
"704",352,"Validation","chr12",100000001,1.05e+08,0.153043632088569
"705",353,"Discovery","chr12",105000001,1.1e+08,1.04068218719461
"706",353,"Validation","chr12",105000001,1.1e+08,0.546128803987941
"707",354,"Discovery","chr12",110000001,1.15e+08,0.924054853198627
"708",354,"Validation","chr12",110000001,1.15e+08,0.495570070370192
"709",355,"Discovery","chr12",115000001,1.2e+08,1.21727889142453
"710",355,"Validation","chr12",115000001,1.2e+08,0.571915572692091
"711",356,"Discovery","chr12",120000001,1.25e+08,-0.788287036947094
"712",356,"Validation","chr12",120000001,1.25e+08,-0.272417182575623
"713",357,"Discovery","chr12",125000001,1.3e+08,1.17128613207859
"714",357,"Validation","chr12",125000001,1.3e+08,0.581421370900286
"715",358,"Discovery","chr13",20000001,2.5e+07,0.264069924557543
"716",358,"Validation","chr13",20000001,2.5e+07,0.0268335118715474
"717",359,"Discovery","chr13",25000001,3e+07,0.700029207809829
"718",359,"Validation","chr13",25000001,3e+07,0.102380373424408
"719",360,"Discovery","chr13",30000001,3.5e+07,-0.0853016170351778
"720",360,"Validation","chr13",30000001,3.5e+07,-0.00130851852471523
"721",361,"Discovery","chr13",35000001,4e+07,-0.22965399508554
"722",361,"Validation","chr13",35000001,4e+07,-0.203362119577074
"723",362,"Discovery","chr13",40000001,4.5e+07,0.0134346758968279
"724",362,"Validation","chr13",40000001,4.5e+07,0.0103435805555646
"725",363,"Discovery","chr13",45000001,5e+07,-0.832376583882484
"726",363,"Validation","chr13",45000001,5e+07,-0.32819582852015
"727",364,"Discovery","chr13",50000001,5.5e+07,-0.409830979529994
"728",364,"Validation","chr13",50000001,5.5e+07,-0.377423498062482
"729",365,"Discovery","chr13",55000001,6e+07,-1.16828236475934
"730",365,"Validation","chr13",55000001,6e+07,-0.524012881258813
"731",366,"Discovery","chr13",60000001,6.5e+07,-1.12766975915579
"732",366,"Validation","chr13",60000001,6.5e+07,-0.575647022591933
"733",367,"Discovery","chr13",65000001,7e+07,-1.3989643233005
"734",367,"Validation","chr13",65000001,7e+07,-0.673617403778535
"735",368,"Discovery","chr13",70000001,7.5e+07,-0.96715055418542
"736",368,"Validation","chr13",70000001,7.5e+07,-0.456693834116239
"737",369,"Discovery","chr13",75000001,8e+07,-0.325563570475953
"738",369,"Validation","chr13",75000001,8e+07,-0.294102213473764
"739",370,"Discovery","chr13",80000001,8.5e+07,-0.846448502200679
"740",370,"Validation","chr13",80000001,8.5e+07,-0.470480535290494
"741",371,"Discovery","chr13",85000001,9e+07,-1.23572852482313
"742",371,"Validation","chr13",85000001,9e+07,-0.658523881200372
"743",372,"Discovery","chr13",90000001,9.5e+07,-1.09354430822793
"744",372,"Validation","chr13",90000001,9.5e+07,-0.504403146699859
"745",373,"Discovery","chr13",95000001,1e+08,1.01079472779717
"746",373,"Validation","chr13",95000001,1e+08,0.540778914162795
"747",374,"Discovery","chr13",100000001,1.05e+08,0.423382939826255
"748",374,"Validation","chr13",100000001,1.05e+08,0.0292603359884309
"749",375,"Discovery","chr13",105000001,1.1e+08,0.0907200219614285
"750",375,"Validation","chr13",105000001,1.1e+08,-0.126612831715379
"751",376,"Discovery","chr13",110000001,1.15e+08,0.695116931868311
"752",376,"Validation","chr13",110000001,1.15e+08,0.39090719528043
"753",377,"Discovery","chr14",20000001,2.5e+07,-0.918382736342669
"754",377,"Validation","chr14",20000001,2.5e+07,-0.142923692886752
"755",378,"Discovery","chr14",25000001,3e+07,-0.403492152439024
"756",378,"Validation","chr14",25000001,3e+07,-0.350627031251131
"757",379,"Discovery","chr14",30000001,3.5e+07,0.567105276536506
"758",379,"Validation","chr14",30000001,3.5e+07,0.158506518654335
"759",380,"Discovery","chr14",35000001,4e+07,-0.609342266501798
"760",380,"Validation","chr14",35000001,4e+07,-0.539224696877598
"761",381,"Discovery","chr14",40000001,4.5e+07,-0.929572851881449
"762",381,"Validation","chr14",40000001,4.5e+07,-0.525058284443097
"763",382,"Discovery","chr14",45000001,5e+07,-0.544265450732247
"764",382,"Validation","chr14",45000001,5e+07,-0.300227978086721
"765",383,"Discovery","chr14",50000001,5.5e+07,-0.44981977364846
"766",383,"Validation","chr14",50000001,5.5e+07,0.0437169225457204
"767",384,"Discovery","chr14",55000001,6e+07,0.0103904673814046
"768",384,"Validation","chr14",55000001,6e+07,-0.116569414703186
"769",385,"Discovery","chr14",60000001,6.5e+07,-0.266376860668117
"770",385,"Validation","chr14",60000001,6.5e+07,-0.0863740951037194
"771",386,"Discovery","chr14",65000001,7e+07,-0.462637781900233
"772",386,"Validation","chr14",65000001,7e+07,0.031215653290947
"773",387,"Discovery","chr14",70000001,7.5e+07,0.179903045170114
"774",387,"Validation","chr14",70000001,7.5e+07,0.175520941057394
"775",388,"Discovery","chr14",75000001,8e+07,1.06173908214722
"776",388,"Validation","chr14",75000001,8e+07,0.763161542151273
"777",389,"Discovery","chr14",80000001,8.5e+07,-0.731462670563841
"778",389,"Validation","chr14",80000001,8.5e+07,-0.363627532448447
"779",390,"Discovery","chr14",85000001,9e+07,0.108476679243496
"780",390,"Validation","chr14",85000001,9e+07,0.265908916600955
"781",391,"Discovery","chr14",90000001,9.5e+07,-0.637106929545064
"782",391,"Validation","chr14",90000001,9.5e+07,-0.0338272983618357
"783",392,"Discovery","chr14",95000001,1e+08,1.33863614602772
"784",392,"Validation","chr14",95000001,1e+08,0.538973455369208
"785",393,"Discovery","chr14",100000001,1.05e+08,0.560012690942455
"786",393,"Validation","chr14",100000001,1.05e+08,0.330374204339239
"787",394,"Discovery","chr15",25000001,3e+07,0.806008824623445
"788",394,"Validation","chr15",25000001,3e+07,0.286197839403989
"789",395,"Discovery","chr15",35000001,4e+07,-0.103435360344202
"790",395,"Validation","chr15",35000001,4e+07,0.02589542879664
"791",396,"Discovery","chr15",40000001,4.5e+07,-1.00685671894246
"792",396,"Validation","chr15",40000001,4.5e+07,-0.488640767970466
"793",397,"Discovery","chr15",45000001,5e+07,0.160513992068399
"794",397,"Validation","chr15",45000001,5e+07,-0.0732703981615421
"795",398,"Discovery","chr15",50000001,5.5e+07,-0.596887745647429
"796",398,"Validation","chr15",50000001,5.5e+07,-0.350428102980376
"797",399,"Discovery","chr15",55000001,6e+07,-0.413841164910921
"798",399,"Validation","chr15",55000001,6e+07,-0.0875459944117601
"799",400,"Discovery","chr15",60000001,6.5e+07,0.592420517346026
"800",400,"Validation","chr15",60000001,6.5e+07,0.303094325818224
"801",401,"Discovery","chr15",65000001,7e+07,-0.210992553679402
"802",401,"Validation","chr15",65000001,7e+07,0.387836647407743
"803",402,"Discovery","chr15",70000001,7.5e+07,0.903986140521075
"804",402,"Validation","chr15",70000001,7.5e+07,0.520923765557028
"805",403,"Discovery","chr15",75000001,8e+07,0.358835900774048
"806",403,"Validation","chr15",75000001,8e+07,0.355572474949849
"807",404,"Discovery","chr15",85000001,9e+07,1.07471698468595
"808",404,"Validation","chr15",85000001,9e+07,0.439027733682393
"809",405,"Discovery","chr15",90000001,9.5e+07,-0.223051137527137
"810",405,"Validation","chr15",90000001,9.5e+07,0.0835941887451632
"811",406,"Discovery","chr15",95000001,1e+08,0.726630304155993
"812",406,"Validation","chr15",95000001,1e+08,0.361615408856124
"813",407,"Discovery","chr16",5000001,1e+07,1.39738681028941
"814",407,"Validation","chr16",5000001,1e+07,0.450158644590509
"815",408,"Discovery","chr16",10000001,1.5e+07,0.95023203990419
"816",408,"Validation","chr16",10000001,1.5e+07,0.39364347381779
"817",409,"Discovery","chr16",20000001,2.5e+07,1.29258562064607
"818",409,"Validation","chr16",20000001,2.5e+07,0.377711102634482
"819",410,"Discovery","chr16",45000001,5e+07,1.04713050061788
"820",410,"Validation","chr16",45000001,5e+07,0.560246178843656
"821",411,"Discovery","chr16",50000001,5.5e+07,0.840827144465806
"822",411,"Validation","chr16",50000001,5.5e+07,0.351182929239508
"823",412,"Discovery","chr16",55000001,6e+07,0.545853549423789
"824",412,"Validation","chr16",55000001,6e+07,0.495290368642127
"825",413,"Discovery","chr16",60000001,6.5e+07,-0.567896423887258
"826",413,"Validation","chr16",60000001,6.5e+07,-0.339801952204706
"827",414,"Discovery","chr16",65000001,7e+07,0.0774952574996037
"828",414,"Validation","chr16",65000001,7e+07,0.17678953507761
"829",415,"Discovery","chr16",70000001,7.5e+07,0.865482617769758
"830",415,"Validation","chr16",70000001,7.5e+07,0.495258674457546
"831",416,"Discovery","chr16",75000001,8e+07,1.20765739183568
"832",416,"Validation","chr16",75000001,8e+07,0.541534110019292
"833",417,"Discovery","chr16",80000001,8.5e+07,0.806402514419238
"834",417,"Validation","chr16",80000001,8.5e+07,0.609221988322642
"835",418,"Discovery","chr16",85000001,9e+07,0.392100533141968
"836",418,"Validation","chr16",85000001,9e+07,0.296775709380897
"837",419,"Discovery","chr17",1,5e+06,-0.881404984249649
"838",419,"Validation","chr17",1,5e+06,-0.430510254006051
"839",420,"Discovery","chr17",5000001,1e+07,0.481330902818407
"840",420,"Validation","chr17",5000001,1e+07,0.511127891244766
"841",421,"Discovery","chr17",10000001,1.5e+07,1.06295428179126
"842",421,"Validation","chr17",10000001,1.5e+07,0.348566455881027
"843",422,"Discovery","chr17",30000001,3.5e+07,1.25671282258812
"844",422,"Validation","chr17",30000001,3.5e+07,0.565601764484465
"845",423,"Discovery","chr17",35000001,4e+07,0.307407115750322
"846",423,"Validation","chr17",35000001,4e+07,0.35737779527965
"847",424,"Discovery","chr17",40000001,4.5e+07,-0.642409892325844
"848",424,"Validation","chr17",40000001,4.5e+07,-0.242268434251909
"849",425,"Discovery","chr17",45000001,5e+07,-0.113838393832814
"850",425,"Validation","chr17",45000001,5e+07,0.33209689701957
"851",426,"Discovery","chr17",50000001,5.5e+07,0.192163308409556
"852",426,"Validation","chr17",50000001,5.5e+07,0.031429720179502
"853",427,"Discovery","chr17",55000001,6e+07,-1.28756788093798
"854",427,"Validation","chr17",55000001,6e+07,-0.451915167648331
"855",428,"Discovery","chr17",60000001,6.5e+07,0.186131107210925
"856",428,"Validation","chr17",60000001,6.5e+07,0.329670913078728
"857",429,"Discovery","chr17",65000001,7e+07,-0.354718293815766
"858",429,"Validation","chr17",65000001,7e+07,-0.000995011613271508
"859",430,"Discovery","chr17",70000001,7.5e+07,0.409782593461302
"860",430,"Validation","chr17",70000001,7.5e+07,0.316280469362257
"861",431,"Discovery","chr17",75000001,8e+07,0.215394983386369
"862",431,"Validation","chr17",75000001,8e+07,0.0816909528001428
"863",432,"Discovery","chr18",5000001,1e+07,0.961956759815784
"864",432,"Validation","chr18",5000001,1e+07,0.284674362085635
"865",433,"Discovery","chr18",10000001,1.5e+07,0.909371001980856
"866",433,"Validation","chr18",10000001,1.5e+07,0.41080320594614
"867",434,"Discovery","chr18",20000001,2.5e+07,0.968510828515674
"868",434,"Validation","chr18",20000001,2.5e+07,0.500342723503661
"869",435,"Discovery","chr18",25000001,3e+07,-0.910885078555952
"870",435,"Validation","chr18",25000001,3e+07,-0.454816115580624
"871",436,"Discovery","chr18",30000001,3.5e+07,0.195013881453344
"872",436,"Validation","chr18",30000001,3.5e+07,0.0760931719542104
"873",437,"Discovery","chr18",35000001,4e+07,-0.228407964397551
"874",437,"Validation","chr18",35000001,4e+07,-0.301646095121381
"875",438,"Discovery","chr18",40000001,4.5e+07,0.813006442825941
"876",438,"Validation","chr18",40000001,4.5e+07,0.377600834974853
"877",439,"Discovery","chr18",45000001,5e+07,1.0967233546136
"878",439,"Validation","chr18",45000001,5e+07,0.661470212534155
"879",440,"Discovery","chr18",50000001,5.5e+07,-0.00302450012833777
"880",440,"Validation","chr18",50000001,5.5e+07,-0.0512149107760222
"881",441,"Discovery","chr18",55000001,6e+07,1.18906863173458
"882",441,"Validation","chr18",55000001,6e+07,0.495711385033992
"883",442,"Discovery","chr18",60000001,6.5e+07,-0.623753947680541
"884",442,"Validation","chr18",60000001,6.5e+07,-0.493399370115615
"885",443,"Discovery","chr18",65000001,7e+07,-0.99274509824302
"886",443,"Validation","chr18",65000001,7e+07,-0.78363318085819
"887",444,"Discovery","chr18",70000001,7.5e+07,0.423561086410768
"888",444,"Validation","chr18",70000001,7.5e+07,0.328441366392371
"889",445,"Discovery","chr19",5000001,1e+07,-0.583101666816544
"890",445,"Validation","chr19",5000001,1e+07,-0.451730501214168
"891",446,"Discovery","chr19",10000001,1.5e+07,-1.1267022814283
"892",446,"Validation","chr19",10000001,1.5e+07,-0.682222063432806
"893",447,"Discovery","chr19",15000001,2e+07,-1.02021789715817
"894",447,"Validation","chr19",15000001,2e+07,-0.399382777323619
"895",448,"Discovery","chr19",30000001,3.5e+07,1.18155912731397
"896",448,"Validation","chr19",30000001,3.5e+07,0.514035468374258
"897",449,"Discovery","chr19",35000001,4e+07,-0.812476547806032
"898",449,"Validation","chr19",35000001,4e+07,-0.499500783614884
"899",450,"Discovery","chr19",40000001,4.5e+07,-0.385495901984765
"900",450,"Validation","chr19",40000001,4.5e+07,-0.296936710997457
"901",451,"Discovery","chr19",45000001,5e+07,-0.807189181517067
"902",451,"Validation","chr19",45000001,5e+07,-0.299672364129798
"903",452,"Discovery","chr19",50000001,5.5e+07,-0.953505797377893
"904",452,"Validation","chr19",50000001,5.5e+07,-0.341051527089036
"905",453,"Discovery","chr20",5000001,1e+07,0.247186858192866
"906",453,"Validation","chr20",5000001,1e+07,0.0675575154803595
"907",454,"Discovery","chr20",10000001,1.5e+07,0.889738605671443
"908",454,"Validation","chr20",10000001,1.5e+07,0.124954157681451
"909",455,"Discovery","chr20",15000001,2e+07,0.912280223007454
"910",455,"Validation","chr20",15000001,2e+07,0.630060207694752
"911",456,"Discovery","chr20",20000001,2.5e+07,1.24637025872867
"912",456,"Validation","chr20",20000001,2.5e+07,0.561179269628789
"913",457,"Discovery","chr20",30000001,3.5e+07,-0.350785248987676
"914",457,"Validation","chr20",30000001,3.5e+07,-0.19681058408746
"915",458,"Discovery","chr20",35000001,4e+07,1.24773212178181
"916",458,"Validation","chr20",35000001,4e+07,0.634030960412195
"917",459,"Discovery","chr20",40000001,4.5e+07,1.01802098721964
"918",459,"Validation","chr20",40000001,4.5e+07,0.619833723465216
"919",460,"Discovery","chr20",45000001,5e+07,0.431291449759824
"920",460,"Validation","chr20",45000001,5e+07,0.369897267234315
"921",461,"Discovery","chr20",50000001,5.5e+07,1.11083948562213
"922",461,"Validation","chr20",50000001,5.5e+07,0.439798852493382
"923",462,"Discovery","chr20",55000001,6e+07,1.15766711402396
"924",462,"Validation","chr20",55000001,6e+07,0.594608129964
"925",463,"Discovery","chr21",15000001,2e+07,-0.523557183734861
"926",463,"Validation","chr21",15000001,2e+07,-0.406249475043263
"927",464,"Discovery","chr21",20000001,2.5e+07,-1.13928505920769
"928",464,"Validation","chr21",20000001,2.5e+07,-0.592824976971661
"929",465,"Discovery","chr21",25000001,3e+07,-0.75708860364686
"930",465,"Validation","chr21",25000001,3e+07,-0.18662645355959
"931",466,"Discovery","chr21",30000001,3.5e+07,0.280640259832005
"932",466,"Validation","chr21",30000001,3.5e+07,0.229292768661629
"933",467,"Discovery","chr21",35000001,4e+07,0.187517852399516
"934",467,"Validation","chr21",35000001,4e+07,0.182866793500837
"935",468,"Discovery","chr21",40000001,4.5e+07,1.07204409886195
"936",468,"Validation","chr21",40000001,4.5e+07,0.700924348183078
"937",469,"Discovery","chr22",25000001,3e+07,1.03977300669361
"938",469,"Validation","chr22",25000001,3e+07,0.554932293890204
"939",470,"Discovery","chr22",30000001,3.5e+07,0.885508048459153
"940",470,"Validation","chr22",30000001,3.5e+07,0.373838994014801
"941",471,"Discovery","chr22",35000001,4e+07,-0.341306321388672
"942",471,"Validation","chr22",35000001,4e+07,0.176309849970258
"943",472,"Discovery","chr22",40000001,4.5e+07,-0.166740586471204
"944",472,"Validation","chr22",40000001,4.5e+07,-0.127355278044077
"945",473,"Discovery","chr22",45000001,5e+07,1.26381821655372
"946",473,"Validation","chr22",45000001,5e+07,0.623883123314179
