"","bin","state","type","dis_sd","dis_var","h_sd","h_var","bin2","f","cf"
"1","states_7_9_10","3' Transcription","No Known Liver Disease",0.156097634020576,0.0243664713468216,0.196498756917553,0.0386117614701437,1,0.631063448521061,1.22393322372453
"2","states_7_9_103","3' Transcription","No Known Liver Disease",0.20569780560231,0.0423115872296055,0.25355697372276,0.0642911389234443,2,0.658124711089482,1.22393322372453
"3","states_7_9_139","3' Transcription","No Known Liver Disease",0.24683358741315,0.0609268198752452,0.235457203633666,0.0554400947429856,3,1.09896673441298,1.22393322372453
"4","states_7_9_15","3' Transcription","No Known Liver Disease",0.17938346480317,0.0321784274447902,0.184466752721028,0.0340279828594408,4,0.945646046011881,1.22393322372453
"5","states_7_9_154","3' Transcription","No Known Liver Disease",0.147167799372892,0.0216583611722597,0.187121414986275,0.0350144239464657,5,0.618555404634778,1.22393322372453
"6","states_7_9_159","3' Transcription","No Known Liver Disease",0.172264762497606,0.0296751483983565,0.216123952355505,0.0467095627817646,6,0.635312056698199,1.22393322372453
"7","states_7_9_165","3' Transcription","No Known Liver Disease",0.166771478430494,0.0278127260178929,0.165616274175234,0.0274287502716863,7,1.01399902446897,1.22393322372453
"8","states_7_9_17","3' Transcription","No Known Liver Disease",0.166374285135618,0.0276804027543878,0.180639166057558,0.03263050831397,8,0.848298239428195,1.22393322372453
"9","states_7_9_173","3' Transcription","No Known Liver Disease",0.18673841533917,0.0348712357633845,0.157559744346562,0.024825073038554,9,1.40467807322172,1.22393322372453
"10","states_7_9_176","3' Transcription","No Known Liver Disease",0.155308007458996,0.0241205771808835,0.214459436670134,0.0459928499768711,10,0.524441890272364,1.22393322372453
"11","states_7_9_179","3' Transcription","No Known Liver Disease",0.256480371714536,0.0657821810748264,0.280682483785147,0.0787826567037993,11,0.834983025796515,1.22393322372453
"12","states_7_9_188","3' Transcription","No Known Liver Disease",0.17269194470813,0.0298225077670759,0.202974220462477,0.0411985341723502,12,0.723873030101418,1.22393322372453
"13","states_7_9_2","3' Transcription","No Known Liver Disease",0.183510996926844,0.0336762859930842,0.176322575990254,0.0310896508038389,13,1.08319923583464,1.22393322372453
"14","states_7_9_201","3' Transcription","No Known Liver Disease",0.180059953666333,0.032421586914322,0.15332302765236,0.0235079508084863,14,1.37917537680987,1.22393322372453
"15","states_7_9_215","3' Transcription","No Known Liver Disease",0.213228011321518,0.0454661848121294,0.23480996431452,0.0551357193413864,15,0.824623045735821,1.22393322372453
"16","states_7_9_223","3' Transcription","No Known Liver Disease",0.207769245687976,0.0431680594537504,0.243015445555941,0.0590565067787523,16,0.730961951669001,1.22393322372453
"17","states_7_9_230","3' Transcription","No Known Liver Disease",0.190838233380093,0.0364192313196348,0.228376709921635,0.0521559216346307,17,0.69827605721865,1.22393322372453
"18","states_7_9_236","3' Transcription","No Known Liver Disease",0.171888722081809,0.0295457327789174,0.24408468690025,0.0595773343791933,18,0.495922368578409,1.22393322372453
"19","states_7_9_252","3' Transcription","No Known Liver Disease",0.168521290803909,0.0283994254542158,0.18969817998233,0.0359853994886084,19,0.789193002100922,1.22393322372453
"20","states_7_9_259","3' Transcription","No Known Liver Disease",0.188270814995485,0.0354458997790641,0.192330065242753,0.0369908539962816,20,0.958234156546567,1.22393322372453
"21","states_7_9_26","3' Transcription","No Known Liver Disease",0.16073479693153,0.0258356749446203,0.164105323361606,0.0269305571556172,21,0.959344242130968,1.22393322372453
"22","states_7_9_267","3' Transcription","No Known Liver Disease",0.19014501443635,0.0361551265149997,0.168832484553384,0.0285044078404685,22,1.26840475751506,1.22393322372453
"23","states_7_9_285","3' Transcription","No Known Liver Disease",0.273516094034007,0.0748110536956199,0.30235750066851,0.0914200582105083,23,0.818322096485175,1.22393322372453
"24","states_7_9_291","3' Transcription","No Known Liver Disease",0.179749895591118,0.032310024965018,0.186518142746336,0.0347890175735427,24,0.92874209214778,1.22393322372453
"25","states_7_9_296","3' Transcription","No Known Liver Disease",0.201033966994083,0.0404146558853781,0.225884246172648,0.0510236926689855,25,0.792076264404595,1.22393322372453
"26","states_7_9_297","3' Transcription","No Known Liver Disease",0.170080265730471,0.0289272967909475,0.231721695048872,0.0536949439563227,26,0.538734090391788,1.22393322372453
"27","states_7_9_298","3' Transcription","No Known Liver Disease",0.181056902755966,0.0327816020355832,0.171334614832763,0.0293555502398912,27,1.11670882568014,1.22393322372453
"28","states_7_9_3","3' Transcription","No Known Liver Disease",0.222197322728351,0.0493716502276471,0.192617924349809,0.0371016647808288,28,1.3307125305374,1.22393322372453
"29","states_7_9_311","3' Transcription","No Known Liver Disease",0.215320649857131,0.0463629822548974,0.200512238354393,0.040205157729889,29,1.15316006384998,1.22393322372453
"30","states_7_9_312","3' Transcription","No Known Liver Disease",0.183898622515238,0.0338187033630019,0.201224745254999,0.0404913981029394,30,0.835207104408353,1.22393322372453
"31","states_7_9_313","3' Transcription","No Known Liver Disease",0.178401582226424,0.0318271245408916,0.200871741996577,0.0403494567327394,31,0.788786940842926,1.22393322372453
"32","states_7_9_318","3' Transcription","No Known Liver Disease",0.193460954819296,0.0374271410395935,0.268141392463724,0.071899806352385,32,0.520545783616731,1.22393322372453
"33","states_7_9_322","3' Transcription","No Known Liver Disease",0.229537915299863,0.0526876545602069,0.200038584830036,0.0400154354208035,33,1.31668327499481,1.22393322372453
"34","states_7_9_333","3' Transcription","No Known Liver Disease",0.165400918566685,0.027357463862703,0.164731070928738,0.0271363257293289,34,1.00814915532706,1.22393322372453
"35","states_7_9_334","3' Transcription","No Known Liver Disease",0.174907147994545,0.0305925104195857,0.178069515016072,0.0317087521780591,35,0.964797045553694,1.22393322372453
"36","states_7_9_357","3' Transcription","No Known Liver Disease",0.202521815475217,0.0410150857433779,0.178551538359288,0.0318806518504683,36,1.28651967142182,1.22393322372453
"37","states_7_9_370","3' Transcription","No Known Liver Disease",0.158576102081271,0.0251463801512896,0.150569378893061,0.0226711378602421,37,1.1091803290292,1.22393322372453
"38","states_7_9_378","3' Transcription","No Known Liver Disease",0.227841813815304,0.0519118921226475,0.179752533392385,0.0323109732609803,38,1.60663350197928,1.22393322372453
"39","states_7_9_393","3' Transcription","No Known Liver Disease",0.164965645171259,0.0272136640867698,0.183533666110586,0.0336846065959921,39,0.807896153075683,1.22393322372453
"40","states_7_9_398","3' Transcription","No Known Liver Disease",0.182464529421749,0.0332933044971004,0.218435781686817,0.047714190721131,40,0.697765255868752,1.22393322372453
"41","states_7_9_399","3' Transcription","No Known Liver Disease",0.195233851273099,0.0381162566829266,0.190170108651309,0.0361646702244507,41,1.05396389477254,1.22393322372453
"42","states_7_9_4","3' Transcription","No Known Liver Disease",0.204768882684916,0.041930295316029,0.199367602018804,0.0397474407347283,42,1.05491811651142,1.22393322372453
"43","states_7_9_400","3' Transcription","No Known Liver Disease",0.162577778461933,0.0264315340496174,0.241560764967508,0.0583516031716877,43,0.452970143285489,1.22393322372453
"44","states_7_9_418","3' Transcription","No Known Liver Disease",0.168420469897967,0.028365454680652,0.221271143572392,0.0489609189778339,44,0.579348902611364,1.22393322372453
"45","states_7_9_419","3' Transcription","No Known Liver Disease",0.184645446633425,0.0340939409624569,0.202477779238394,0.040997251085312,45,0.831615292730484,1.22393322372453
"46","states_7_9_422","3' Transcription","No Known Liver Disease",0.167331446121076,0.0279998128609705,0.21263062634285,0.0452117832589527,46,0.619303439118961,1.22393322372453
"47","states_7_9_424","3' Transcription","No Known Liver Disease",0.185774438425713,0.0345121419723889,0.18965642247939,0.0359695585876807,47,0.95948194327325,1.22393322372453
"48","states_7_9_430","3' Transcription","No Known Liver Disease",0.147997995446698,0.0219034066562407,0.184350463533349,0.0339850934049607,48,0.644500410672507,1.22393322372453
"49","states_7_9_437","3' Transcription","No Known Liver Disease",0.153425737139213,0.0235394568167108,0.210993210689467,0.04451813495705,49,0.52876107319907,1.22393322372453
"50","states_7_9_447","3' Transcription","No Known Liver Disease",0.196896991925034,0.038768425429127,0.180405585148443,0.0325461751527521,50,1.1911822279322,1.22393322372453
"51","states_7_9_448","3' Transcription","No Known Liver Disease",0.18266151964612,0.0333652307594297,0.174192953784876,0.0303431851482999,51,1.0995955301449,1.22393322372453
"52","states_7_9_451","3' Transcription","No Known Liver Disease",0.165247875046317,0.0273068602073231,0.166683465558567,0.0277833776906139,52,0.982848828223942,1.22393322372453
"53","states_7_9_456","3' Transcription","No Known Liver Disease",0.242304359047137,0.0587114024132439,0.185147588311686,0.0342796294576337,53,1.71271986722626,1.22393322372453
"54","states_7_9_46","3' Transcription","No Known Liver Disease",0.151235620386961,0.0228722128738289,0.139989405296737,0.0195970335953342,54,1.16712627768697,1.22393322372453
"55","states_7_9_463","3' Transcription","No Known Liver Disease",0.166498042607528,0.0277215981921382,0.163291032320297,0.0266639612362282,55,1.03966541004691,1.22393322372453
"56","states_7_9_47","3' Transcription","No Known Liver Disease",0.171208800372895,0.0293124533251257,0.14202996260864,0.0201725102786117,56,1.45308902661484,1.22393322372453
"57","states_7_9_470","3' Transcription","No Known Liver Disease",0.173312081788159,0.0300370776937457,0.5,0.355547610282946,57,0.0844811688365506,1.22393322372453
"58","states_7_9_471","3' Transcription","No Known Liver Disease",0.125969977196914,0.0158684351549909,0.141349423437274,0.0199796595060497,58,0.794229508775469,1.22393322372453
"59","states_7_9_475","3' Transcription","No Known Liver Disease",0.198196814937493,0.0392819774513668,0.169344492599188,0.0286775571736763,59,1.36978115721183,1.22393322372453
"60","states_7_9_477","3' Transcription","No Known Liver Disease",0.167051249967317,0.0279061201156432,0.193174151692334,0.0373162528820528,60,0.7478275003615,1.22393322372453
"61","states_7_9_479","3' Transcription","No Known Liver Disease",0.22898311319289,0.0524332661275081,0.190044010279227,0.036116725843011,61,1.45177241025171,1.22393322372453
"62","states_7_9_499","3' Transcription","No Known Liver Disease",0.218841002802058,0.0478913845074104,0.273275965282541,0.0746797532011045,62,0.641290074679868,1.22393322372453
"63","states_7_9_5","3' Transcription","No Known Liver Disease",0.192141477115127,0.036918347227983,0.165255537607927,0.0273093927100851,63,1.35185529828166,1.22393322372453
"64","states_7_9_50","3' Transcription","No Known Liver Disease",0.245043752029251,0.0600464404085731,0.166510978558518,0.0277259059805151,64,2.16571607978372,1.22393322372453
"65","states_7_9_519","3' Transcription","No Known Liver Disease",0.188322810901619,0.0354654811058868,0.183489444278317,0.0336683761615655,65,1.05337664447188,1.22393322372453
"66","states_7_9_53","3' Transcription","No Known Liver Disease",0.220597101730629,0.0486630812919536,0.230387531129935,0.0530784145001468,66,0.916814900185441,1.22393322372453
"67","states_7_9_54","3' Transcription","No Known Liver Disease",0.157797959310512,0.024900195962562,0.188014594510729,0.0353494877490338,67,0.704400475032134,1.22393322372453
"68","states_7_9_543","3' Transcription","No Known Liver Disease",0.273454409838089,0.0747773142598973,0.267177113215334,0.0713836098260793,68,1.04754178784299,1.22393322372453
"69","states_7_9_58","3' Transcription","No Known Liver Disease",0.209276158019235,0.0437965103152917,0.258664125552355,0.0669071298477645,69,0.654586595104931,1.22393322372453
"70","states_7_9_6","3' Transcription","No Known Liver Disease",0.188115570353867,0.0353874678095605,0.175964206843945,0.0309634020902187,70,1.14288047891027,1.22393322372453
"71","states_7_9_64","3' Transcription","No Known Liver Disease",0.165221180132992,0.0272980383645386,0.195117096849876,0.0380706814831238,71,0.71703571622797,1.22393322372453
"72","states_7_9_67","3' Transcription","No Known Liver Disease",0.174712560051364,0.0305244786397016,0.229802327770047,0.0528091098485322,72,0.578015397859428,1.22393322372453
"73","states_7_9_73","3' Transcription","No Known Liver Disease",0.177774941586023,0.0316039298559139,0.215049713570096,0.0462463793065805,73,0.683381711817965,1.22393322372453
"74","states_7_9_74","3' Transcription","No Known Liver Disease",0.167602140918781,0.028090477640559,0.159461502523564,0.0254279707870726,74,1.10470779897388,1.22393322372453
"75","states_7_9_75","3' Transcription","No Known Liver Disease",0.178716485341938,0.0319395821329751,0.204338386732199,0.0417541762923178,75,0.764943413309571,1.22393322372453
"76","states_7_9_81","3' Transcription","No Known Liver Disease",0.177500763037275,0.0315065208788149,0.206778789191996,0.0427574676597079,76,0.736865923154396,1.22393322372453
"77","states_7_9_82","3' Transcription","No Known Liver Disease",0.173012778083273,0.0299334213800918,0.182994420423307,0.0334869579060619,77,0.893882969723957,1.22393322372453
"78","states_7_9_89","3' Transcription","No Known Liver Disease",0.177022546587139,0.0313369820001959,0.206170862353312,0.0425064244835085,78,0.737229310180017,1.22393322372453
"79","states_7_9_9","3' Transcription","No Known Liver Disease",0.198521408885696,0.0394107497859616,0.206129232735796,0.0424892605882481,79,0.927546143197936,1.22393322372453
"80","states_7_9_90","3' Transcription","No Known Liver Disease",0.19436458708169,0.0377775927114359,0.180426392699134,0.0325536831824222,80,1.16047061402362,1.22393322372453
"81","states_7_9_91","3' Transcription","No Known Liver Disease",0.200610840249751,0.0402447092257111,0.195587953765287,0.0382546476580921,81,1.05202143241275,1.22393322372453
"82","states_7_9_99","3' Transcription","No Known Liver Disease",0.189549437247323,0.0359289891607768,0.186254083717509,0.0346905837014487,82,1.03569860541944,1.22393322372453
"83","states_1_5_113","Activating","No Known Liver Disease",0.139144412531371,0.0193611675387004,0.207325800444215,0.0429839875298347,83,0.450427441736578,1.22393322372453
"84","states_1_5_140","Activating","No Known Liver Disease",0.141879867779667,0.0201298968811757,0.170735531095772,0.0291506215785555,84,0.690547775351185,1.22393322372453
"85","states_1_5_174","Activating","No Known Liver Disease",0.213838222075407,0.045726785220371,0.241123595878424,0.0581405884893415,85,0.786486453069765,1.22393322372453
"86","states_1_5_189","Activating","No Known Liver Disease",0.198300175638893,0.0393229596584157,0.203744977085189,0.0415120156874442,86,0.947266930001411,1.22393322372453
"87","states_1_5_195","Activating","No Known Liver Disease",0.214469924642227,0.0459973485760424,0.257330217777809,0.0662188409815744,87,0.694626301128426,1.22393322372453
"88","states_1_5_211","Activating","No Known Liver Disease",0.173916220484092,0.0302468517474714,0.192848607091053,0.0371905852569593,88,0.81329324447271,1.22393322372453
"89","states_1_5_22","Activating","No Known Liver Disease",0.156431183794946,0.0244707152634881,0.189404430674453,0.0358740383591136,89,0.682128814674455,1.22393322372453
"90","states_1_5_228","Activating","No Known Liver Disease",0.186397346683745,0.0347439708507404,0.200939877998249,0.0403768345699512,90,0.860492686482094,1.22393322372453
"91","states_1_5_287","Activating","No Known Liver Disease",0.149759772752372,0.0224279895348422,0.163264527271577,0.0266553058652116,91,0.841408072683699,1.22393322372453
"92","states_1_5_310","Activating","No Known Liver Disease",0.16587910560772,0.027515877677217,0.197162899231652,0.0388732088334308,92,0.707836540974037,1.22393322372453
"93","states_1_5_321","Activating","No Known Liver Disease",0.175785069345379,0.0309003906047596,0.183434735001952,0.0336483020052365,93,0.918334321890914,1.22393322372453
"94","states_1_5_336","Activating","No Known Liver Disease",0.263048101252469,0.0691943035725294,0.22315814898854,0.0497995594599912,94,1.38945613822387,1.22393322372453
"95","states_1_5_41","Activating","No Known Liver Disease",0.197014634233283,0.0388147661020743,0.265262810143616,0.070364358445288,95,0.551625381936152,1.22393322372453
"96","states_1_5_427","Activating","No Known Liver Disease",0.19024630114146,0.036193655098007,0.202895087336922,0.0411664164654573,96,0.879203443136154,1.22393322372453
"97","states_1_5_428","Activating","No Known Liver Disease",0.172930872861693,0.0299050867887069,0.179059465215554,0.0320622920832802,97,0.932718306945428,1.22393322372453
"98","states_1_5_441","Activating","No Known Liver Disease",0.209121765512628,0.0437319128111187,0.196048946097043,0.0384351892657612,98,1.137809222396,1.22393322372453
"99","states_1_5_462","Activating","No Known Liver Disease",0.198142795211201,0.0392605672941078,0.219937702339104,0.0483725929102045,99,0.811628340184046,1.22393322372453
"100","states_1_5_545","Activating","No Known Liver Disease",0.191070737408236,0.0365080266937272,0.189422086796981,0.0358807269665231,100,1.01748291576671,1.22393322372453
"101","states_1_5_546","Activating","No Known Liver Disease",0.195647297548204,0.0382778650379155,0.23661076686728,0.0559846549975225,101,0.683720655947766,1.22393322372453
"102","states_1_5_56","Activating","No Known Liver Disease",0.206679003399123,0.0427162104460546,0.224746791761341,0.0505111204070154,102,0.84567932965751,1.22393322372453
"103","states_1_5_83","Activating","No Known Liver Disease",0.168189228056507,0.0282876164342436,0.225642079124083,0.050914347871439,103,0.555592237097313,1.22393322372453
"104","states_1_5_98","Activating","No Known Liver Disease",0.153742289427638,0.0236366915584517,0.170830718769679,0.0291831344753651,104,0.809943550731486,1.22393322372453
"105","H3K27me3-human_GM12878_ENCFF001SUI_108","H3K27me3","No Known Liver Disease",0.171001504583326,0.0292415145697612,0.175473516372218,0.0307909549480312,105,0.949678716334547,1.22393322372453
"106","H3K27me3-human_GM12878_ENCFF001SUI_11","H3K27me3","No Known Liver Disease",0.196439593351851,0.0385885138362404,0.182967120162115,0.0334769670604178,106,1.15268846686731,1.22393322372453
"107","H3K27me3-human_GM12878_ENCFF001SUI_13","H3K27me3","No Known Liver Disease",0.206504476083542,0.0426440986425382,0.207616718391785,0.0431047017557736,107,0.989314318520399,1.22393322372453
"108","H3K27me3-human_GM12878_ENCFF001SUI_145","H3K27me3","No Known Liver Disease",0.210914881812887,0.0444850873701441,0.267810769195637,0.0717226080971588,108,0.62023800514731,1.22393322372453
"109","H3K27me3-human_GM12878_ENCFF001SUI_158","H3K27me3","No Known Liver Disease",0.154794019543402,0.0239611884864033,0.18773024917615,0.0352426464557395,109,0.679891861029665,1.22393322372453
"110","H3K27me3-human_GM12878_ENCFF001SUI_169","H3K27me3","No Known Liver Disease",0.182546895853675,0.0333233691858123,0.199240554297451,0.0396967984767556,110,0.839447271933648,1.22393322372453
"111","H3K27me3-human_GM12878_ENCFF001SUI_190","H3K27me3","No Known Liver Disease",0.17666181740555,0.031209397729032,0.287005975351545,0.0823724298874917,111,0.378881596326092,1.22393322372453
"112","H3K27me3-human_GM12878_ENCFF001SUI_212","H3K27me3","No Known Liver Disease",0.192984947055442,0.0372431897899917,0.228001042234587,0.0519844752600581,112,0.716429080098982,1.22393322372453
"113","H3K27me3-human_GM12878_ENCFF001SUI_222","H3K27me3","No Known Liver Disease",0.230101981119826,0.0529469217152689,0.238972788880858,0.0571079938254951,113,0.92713678363591,1.22393322372453
"114","H3K27me3-human_GM12878_ENCFF001SUI_237","H3K27me3","No Known Liver Disease",0.190334156536173,0.0362270911443365,0.200614230306947,0.0402460694016486,114,0.900139856709897,1.22393322372453
"115","H3K27me3-human_GM12878_ENCFF001SUI_238","H3K27me3","No Known Liver Disease",0.171372485119043,0.0293685286558766,0.228698391534218,0.0523029542903385,115,0.561508026733046,1.22393322372453
"116","H3K27me3-human_GM12878_ENCFF001SUI_25","H3K27me3","No Known Liver Disease",0.237397304480322,0.0563574801745229,0.219297271685392,0.0480912933686568,116,1.17188530868778,1.22393322372453
"117","H3K27me3-human_GM12878_ENCFF001SUI_265","H3K27me3","No Known Liver Disease",0.220261797247038,0.0485152593264952,0.194883973217249,0.0379797630169415,117,1.27739763159802,1.22393322372453
"118","H3K27me3-human_GM12878_ENCFF001SUI_27","H3K27me3","No Known Liver Disease",0.176079055890039,0.0310038339231276,0.177582829649175,0.0315356613862079,118,0.983135680695985,1.22393322372453
"119","H3K27me3-human_GM12878_ENCFF001SUI_288","H3K27me3","No Known Liver Disease",0.183381962861317,0.0336289443028693,0.235135330069549,0.0552886234469156,119,0.608243472278842,1.22393322372453
"120","H3K27me3-human_GM12878_ENCFF001SUI_294","H3K27me3","No Known Liver Disease",0.217181102011028,0.0471676310707247,0.215293607516689,0.0463513374375502,120,1.01761100495265,1.22393322372453
"121","H3K27me3-human_GM12878_ENCFF001SUI_300","H3K27me3","No Known Liver Disease",0.173322396302941,0.0300406530601937,0.174889291518309,0.0305862642877761,121,0.982161560416504,1.22393322372453
"122","H3K27me3-human_GM12878_ENCFF001SUI_301","H3K27me3","No Known Liver Disease",0.192916658797005,0.0372168372413999,0.169379312080193,0.0286893513607596,122,1.29723522757311,1.22393322372453
"123","H3K27me3-human_GM12878_ENCFF001SUI_303","H3K27me3","No Known Liver Disease",0.140528530550455,0.0197482678986703,0.179877177617039,0.0323557990274718,123,0.610347093635456,1.22393322372453
"124","H3K27me3-human_GM12878_ENCFF001SUI_307","H3K27me3","No Known Liver Disease",0.223510126579883,0.0499567766837555,0.219957025819594,0.0483810932074016,124,1.03256816603129,1.22393322372453
"125","H3K27me3-human_GM12878_ENCFF001SUI_309","H3K27me3","No Known Liver Disease",0.173569000288931,0.030126197861299,0.192345717442013,0.0369968750182829,125,0.81429033793831,1.22393322372453
"126","H3K27me3-human_GM12878_ENCFF001SUI_314","H3K27me3","No Known Liver Disease",0.18475877262177,0.0341358040607028,0.185041386251037,0.0342403146257053,126,0.996947733508148,1.22393322372453
"127","H3K27me3-human_GM12878_ENCFF001SUI_315","H3K27me3","No Known Liver Disease",0.175646167608276,0.0308515761954746,0.191084646071739,0.0365133419643618,127,0.84493980927812,1.22393322372453
"128","H3K27me3-human_GM12878_ENCFF001SUI_319","H3K27me3","No Known Liver Disease",0.256879854813163,0.065987259808832,0.278547172636192,0.0775885273836164,128,0.850477023266276,1.22393322372453
"129","H3K27me3-human_GM12878_ENCFF001SUI_320","H3K27me3","No Known Liver Disease",0.180846593252528,0.0327054902910452,0.156180115095333,0.0243922283511913,129,1.34081600992588,1.22393322372453
"130","H3K27me3-human_GM12878_ENCFF001SUI_323","H3K27me3","No Known Liver Disease",0.142901396823241,0.0204208092140333,0.151570454637842,0.0229736027191222,130,0.888881446401784,1.22393322372453
"131","H3K27me3-human_GM12878_ENCFF001SUI_325","H3K27me3","No Known Liver Disease",0.153358139720022,0.0235187190183859,0.182932567082171,0.0334643240992731,131,0.702799762177081,1.22393322372453
"132","H3K27me3-human_GM12878_ENCFF001SUI_327","H3K27me3","No Known Liver Disease",0.202403224351159,0.0409670652277455,0.204772561730494,0.0419318020376688,132,0.976992717626191,1.22393322372453
"133","H3K27me3-human_GM12878_ENCFF001SUI_344","H3K27me3","No Known Liver Disease",0.21890586143428,0.0479197761702842,0.268629998232867,0.0721620759505903,133,0.664057616677977,1.22393322372453
"134","H3K27me3-human_GM12878_ENCFF001SUI_354","H3K27me3","No Known Liver Disease",0.189441251845747,0.0358879879008838,0.169502567359207,0.0287311203413624,134,1.24909810249265,1.22393322372453
"135","H3K27me3-human_GM12878_ENCFF001SUI_359","H3K27me3","No Known Liver Disease",0.251804261357167,0.0634053860376285,0.178842930121869,0.0319847936545758,135,1.98236032792282,1.22393322372453
"136","H3K27me3-human_GM12878_ENCFF001SUI_360","H3K27me3","No Known Liver Disease",0.157757538522074,0.0248874409605437,0.177661719744326,0.0315636866625116,136,0.788483336140283,1.22393322372453
"137","H3K27me3-human_GM12878_ENCFF001SUI_365","H3K27me3","No Known Liver Disease",0.14429941371404,0.0208223207982157,0.162149378024444,0.0262924207937142,137,0.791951451012598,1.22393322372453
"138","H3K27me3-human_GM12878_ENCFF001SUI_366","H3K27me3","No Known Liver Disease",0.222097756475096,0.0493274134312712,0.166931232482739,0.0278660363782062,138,1.77016252910119,1.22393322372453
"139","H3K27me3-human_GM12878_ENCFF001SUI_367","H3K27me3","No Known Liver Disease",0.151757026758309,0.0230301951705221,0.183091076248133,0.0335223422016995,139,0.687010323799945,1.22393322372453
"140","H3K27me3-human_GM12878_ENCFF001SUI_375","H3K27me3","No Known Liver Disease",0.204928292263479,0.0419956049700258,0.187416287475613,0.0351248648111417,140,1.19560901360977,1.22393322372453
"141","H3K27me3-human_GM12878_ENCFF001SUI_376","H3K27me3","No Known Liver Disease",0.186121727809127,0.0346412975626546,0.203490213661427,0.041408267055973,141,0.8365792636487,1.22393322372453
"142","H3K27me3-human_GM12878_ENCFF001SUI_377","H3K27me3","No Known Liver Disease",0.216927841494768,0.0470576884155791,0.215816600471434,0.0465768050390466,142,1.01032452475281,1.22393322372453
"143","H3K27me3-human_GM12878_ENCFF001SUI_38","H3K27me3","No Known Liver Disease",0.210776969778162,0.0444269309888643,0.201432626527545,0.0405751030297854,143,1.09493082386633,1.22393322372453
"144","H3K27me3-human_GM12878_ENCFF001SUI_381","H3K27me3","No Known Liver Disease",0.181336272454282,0.0328828437076135,0.207631113608405,0.0431106793382664,144,0.762754013909163,1.22393322372453
"145","H3K27me3-human_GM12878_ENCFF001SUI_431","H3K27me3","No Known Liver Disease",0.16973885018845,0.0288112772632972,0.16904140226846,0.0285749956808875,145,1.00826882303145,1.22393322372453
"146","H3K27me3-human_GM12878_ENCFF001SUI_444","H3K27me3","No Known Liver Disease",0.174690930219056,0.0305169211007993,0.174395491116884,0.030413787321899,146,1.00339102058579,1.22393322372453
"147","H3K27me3-human_GM12878_ENCFF001SUI_445","H3K27me3","No Known Liver Disease",0.215355894504975,0.0463781612980381,0.224537278286024,0.0504169893400953,147,0.919891526746813,1.22393322372453
"148","H3K27me3-human_GM12878_ENCFF001SUI_446","H3K27me3","No Known Liver Disease",0.164584518106408,0.0270880636003184,0.166374105809203,0.0276803430838119,148,0.978602885025663,1.22393322372453
"149","H3K27me3-human_GM12878_ENCFF001SUI_449","H3K27me3","No Known Liver Disease",0.252747104078539,0.0638810986200876,0.245188708935333,0.0601175029893753,149,1.06260399124324,1.22393322372453
"150","H3K27me3-human_GM12878_ENCFF001SUI_450","H3K27me3","No Known Liver Disease",0.259194334327211,0.0671817029473258,0.265439698514877,0.0704582335476689,150,0.953496838689175,1.22393322372453
"151","H3K27me3-human_GM12878_ENCFF001SUI_453","H3K27me3","No Known Liver Disease",0.169002908742071,0.0285619831632808,0.172932144224952,0.0299055265062394,151,0.955073743888832,1.22393322372453
"152","H3K27me3-human_GM12878_ENCFF001SUI_458","H3K27me3","No Known Liver Disease",0.155346595193191,0.0241325646381171,0.17544873229372,0.0307822576634735,152,0.783976435450121,1.22393322372453
"153","H3K27me3-human_GM12878_ENCFF001SUI_461","H3K27me3","No Known Liver Disease",0.243874131503761,0.0594745920167139,0.259775138014933,0.0674831223306777,153,0.881325433125029,1.22393322372453
"154","H3K27me3-human_GM12878_ENCFF001SUI_464","H3K27me3","No Known Liver Disease",0.181140689155996,0.0328119492679093,0.269989334527059,0.0728942407583641,154,0.450130887249064,1.22393322372453
"155","H3K27me3-human_GM12878_ENCFF001SUI_474","H3K27me3","No Known Liver Disease",0.17271900950987,0.0298318562460707,0.164138827481871,0.0269415546871233,155,1.10728042952655,1.22393322372453
"156","H3K27me3-human_GM12878_ENCFF001SUI_500","H3K27me3","No Known Liver Disease",0.20503113019294,0.0420377643481942,0.230314631285558,0.0530448293842027,156,0.792495043083568,1.22393322372453
"157","H3K27me3-human_GM12878_ENCFF001SUI_540","H3K27me3","No Known Liver Disease",0.231436995171062,0.0535630827338104,0.273762536721781,0.0749459265123445,157,0.714689713322683,1.22393322372453
"158","H3K27me3-human_GM12878_ENCFF001SUI_547","H3K27me3","No Known Liver Disease",0.183916709296204,0.0338253559583443,0.16434268856536,0.027008519284891,158,1.25239579413992,1.22393322372453
"159","H3K27me3-human_GM12878_ENCFF001SUI_66","H3K27me3","No Known Liver Disease",0.162033255064252,0.0262547757467171,0.181594065358917,0.0329764045735785,159,0.796168535843142,1.22393322372453
"160","H3K27me3-human_GM12878_ENCFF001SUI_7","H3K27me3","No Known Liver Disease",0.198543493709789,0.0394195188944891,0.233766161124798,0.0546466180870252,160,0.721353311045035,1.22393322372453
"161","H3K27me3-human_GM12878_ENCFF001SUI_72","H3K27me3","No Known Liver Disease",0.15617038942471,0.0243891905330656,0.145625198816943,0.0212066985304742,161,1.15007012987043,1.22393322372453
"162","H3K36me3-human_GM12878_ENCFF001SUJ_101","H3K36me3","No Known Liver Disease",0.186450742581303,0.0347638794091193,0.195035300063096,0.0380387682707021,162,0.913906548227927,1.22393322372453
"163","H3K36me3-human_GM12878_ENCFF001SUJ_116","H3K36me3","No Known Liver Disease",0.226107562123848,0.0511246296495896,0.241995642634228,0.0585618910539529,163,0.873001686412221,1.22393322372453
"164","H3K36me3-human_GM12878_ENCFF001SUJ_117","H3K36me3","No Known Liver Disease",0.216254999024729,0.0467662246031854,0.235705994717522,0.0555573159457763,164,0.841765369817885,1.22393322372453
"165","H3K36me3-human_GM12878_ENCFF001SUJ_118","H3K36me3","No Known Liver Disease",0.218136181230243,0.0475833935617136,0.214486114027468,0.0460042931106041,165,1.03432506716956,1.22393322372453
"166","H3K36me3-human_GM12878_ENCFF001SUJ_119","H3K36me3","No Known Liver Disease",0.171685233295073,0.0294758193315835,0.206728313887808,0.0427365957628959,166,0.689709107742609,1.22393322372453
"167","H3K36me3-human_GM12878_ENCFF001SUJ_120","H3K36me3","No Known Liver Disease",0.200378204596498,0.0401514248773159,0.194330406663949,0.0377643069541758,167,1.0632109554145,1.22393322372453
"168","H3K36me3-human_GM12878_ENCFF001SUJ_122","H3K36me3","No Known Liver Disease",0.163546253163396,0.0267473769237857,0.195596543930748,0.0382580079976529,168,0.699131458319175,1.22393322372453
"169","H3K36me3-human_GM12878_ENCFF001SUJ_123","H3K36me3","No Known Liver Disease",0.215428439673099,0.0464094126199861,0.178554946868553,0.0318818690512318,169,1.45566787647894,1.22393322372453
"170","H3K36me3-human_GM12878_ENCFF001SUJ_125","H3K36me3","No Known Liver Disease",0.158897039029998,0.0252482690125006,0.208832809177345,0.0436111421889013,170,0.57894078772663,1.22393322372453
"171","H3K36me3-human_GM12878_ENCFF001SUJ_126","H3K36me3","No Known Liver Disease",0.183102267171997,0.0335264402435255,0.18014677525884,0.0324528606361592,171,1.03308120105043,1.22393322372453
"172","H3K36me3-human_GM12878_ENCFF001SUJ_130","H3K36me3","No Known Liver Disease",0.18586041069171,0.0345440922624912,0.208839389184213,0.043613890474835,172,0.792043357893581,1.22393322372453
"173","H3K36me3-human_GM12878_ENCFF001SUJ_133","H3K36me3","No Known Liver Disease",0.160067667579446,0.0256216582043239,0.236217482171402,0.0557986988833965,173,0.459180208804975,1.22393322372453
"174","H3K36me3-human_GM12878_ENCFF001SUJ_134","H3K36me3","No Known Liver Disease",0.143092839696218,0.0204755607723277,0.180488624706505,0.0325761436484457,174,0.62854464890919,1.22393322372453
"175","H3K36me3-human_GM12878_ENCFF001SUJ_136","H3K36me3","No Known Liver Disease",0.155459175112622,0.0241675551266968,0.161310782941998,0.0260211686933603,175,0.928765168524638,1.22393322372453
"176","H3K36me3-human_GM12878_ENCFF001SUJ_141","H3K36me3","No Known Liver Disease",0.211487399531305,0.0447269201605138,0.221809026008531,0.0491992440188532,176,0.909097711813913,1.22393322372453
"177","H3K36me3-human_GM12878_ENCFF001SUJ_142","H3K36me3","No Known Liver Disease",0.177325646022817,0.0314443847374095,0.216877211978381,0.0470357250755155,177,0.668521314105943,1.22393322372453
"178","H3K36me3-human_GM12878_ENCFF001SUJ_143","H3K36me3","No Known Liver Disease",0.153313402493108,0.0235049993840137,0.164804578123403,0.0271605489704329,178,0.865409583937398,1.22393322372453
"179","H3K36me3-human_GM12878_ENCFF001SUJ_144","H3K36me3","No Known Liver Disease",0.237614498472724,0.0564606498844442,0.245480877146811,0.0602608610447677,179,0.93693732392074,1.22393322372453
"180","H3K36me3-human_GM12878_ENCFF001SUJ_246","H3K36me3","No Known Liver Disease",0.262062836750811,0.0686769304058821,0.182792097001845,0.0334129507263318,180,2.05539854795763,1.22393322372453
"181","H3K36me3-human_GM12878_ENCFF001SUJ_253","H3K36me3","No Known Liver Disease",0.164592234769124,0.0270906037462944,0.178911593333559,0.0320093582291527,181,0.846333861252533,1.22393322372453
"182","H3K36me3-human_GM12878_ENCFF001SUJ_254","H3K36me3","No Known Liver Disease",0.178610799467835,0.0319018176865392,0.185643316968367,0.0344634411350177,182,0.92567128051889,1.22393322372453
"183","H3K36me3-human_GM12878_ENCFF001SUJ_255","H3K36me3","No Known Liver Disease",0.172824510611224,0.029868311468009,0.154209154205007,0.0237804632406237,183,1.25600208733468,1.22393322372453
"184","H3K36me3-human_GM12878_ENCFF001SUJ_256","H3K36me3","No Known Liver Disease",0.19709940289863,0.0388481746229964,0.191834166853532,0.0368003475723888,184,1.05564694862132,1.22393322372453
"185","H3K36me3-human_GM12878_ENCFF001SUJ_258","H3K36me3","No Known Liver Disease",0.187777987525091,0.0352605725989733,0.209042806880564,0.0436988951085048,185,0.806898492774725,1.22393322372453
"186","H3K36me3-human_GM12878_ENCFF001SUJ_261","H3K36me3","No Known Liver Disease",0.169514784622056,0.028735262205462,0.231290290737278,0.0534951985893346,186,0.537155912366144,1.22393322372453
"187","H3K36me3-human_GM12878_ENCFF001SUJ_264","H3K36me3","No Known Liver Disease",0.162319790973629,0.0263477145417227,0.201027394390834,0.0404120132955678,187,0.65197728084021,1.22393322372453
"188","H3K36me3-human_GM12878_ENCFF001SUJ_266","H3K36me3","No Known Liver Disease",0.169255261074007,0.0286473434012301,0.185692219733373,0.0344816004695074,188,0.830800862232696,1.22393322372453
"189","H3K36me3-human_GM12878_ENCFF001SUJ_268","H3K36me3","No Known Liver Disease",0.179938184117955,0.0323777501036672,0.205409912816422,0.0421932322832502,189,0.767368327847224,1.22393322372453
"190","H3K36me3-human_GM12878_ENCFF001SUJ_270","H3K36me3","No Known Liver Disease",0.164400181222892,0.0270274195861197,0.178292452230068,0.0317881985222111,190,0.850234390200975,1.22393322372453
"191","H3K36me3-human_GM12878_ENCFF001SUJ_271","H3K36me3","No Known Liver Disease",0.169484698241869,0.0287250629381374,0.203675057261783,0.0414835289505905,191,0.692445017692461,1.22393322372453
"192","H3K36me3-human_GM12878_ENCFF001SUJ_273","H3K36me3","No Known Liver Disease",0.174067902040967,0.0302996345209437,0.174314409861612,0.0303855134854021,192,0.997173687240808,1.22393322372453
"193","H3K36me3-human_GM12878_ENCFF001SUJ_280","H3K36me3","No Known Liver Disease",0.187585873444682,0.0351884599160041,0.159177270676986,0.0253374035001745,193,1.38879502454787,1.22393322372453
"194","H3K36me3-human_GM12878_ENCFF001SUJ_286","H3K36me3","No Known Liver Disease",0.278104775927197,0.0773422663935163,0.288301669393342,0.0831178525749876,194,0.930513289232771,1.22393322372453
"195","H3K36me3-human_GM12878_ENCFF001SUJ_52","H3K36me3","No Known Liver Disease",0.213381384124077,0.045531615090707,0.218594743819966,0.0477836620257164,195,0.952869938394481,1.22393322372453
"196","H3K36me3-human_GM12878_ENCFF001SUJ_544","H3K36me3","No Known Liver Disease",0.225722013098265,0.0509504271971335,0.215273542354394,0.0463426980378092,196,1.09942729608805,1.22393322372453
"197","H3K36me3-human_GM12878_ENCFF001SUJ_55","H3K36me3","No Known Liver Disease",0.160951470125704,0.0259053757356253,0.208078139289261,0.0432965120500812,197,0.598324772805268,1.22393322372453
"198","H3K9me3-human_GM12878_ENCFF001SUP_107","H3K9me3","No Known Liver Disease",0.164233771877316,0.0269727318250503,0.21113693895803,0.0445788069925668,198,0.605057282702693,1.22393322372453
"199","H3K9me3-human_GM12878_ENCFF001SUP_112","H3K9me3","No Known Liver Disease",0.145998505692558,0.0213155636644598,0.203073862308647,0.0412389935529513,199,0.516878852464971,1.22393322372453
"200","H3K9me3-human_GM12878_ENCFF001SUP_132","H3K9me3","No Known Liver Disease",0.159862719390579,0.0255560890509509,0.231513247128723,0.0535983835960853,200,0.476807085145333,1.22393322372453
"201","H3K9me3-human_GM12878_ENCFF001SUP_216","H3K9me3","No Known Liver Disease",0.21436244356439,0.0459512572108964,0.22698162091745,0.0515206562343132,201,0.891899687805073,1.22393322372453
"202","H3K9me3-human_GM12878_ENCFF001SUP_371","H3K9me3","No Known Liver Disease",0.195550130412887,0.0382398535044972,0.329619332831846,0.108648904576511,202,0.351958021606821,1.22393322372453
"203","H3K9me3-human_GM12878_ENCFF001SUP_394","H3K9me3","No Known Liver Disease",0.208201848968003,0.0433480099136951,0.173698753217847,0.0301712568694344,203,1.43673198969744,1.22393322372453
"204","H3K9me3-human_GM12878_ENCFF001SUP_408","H3K9me3","No Known Liver Disease",0.217117134644148,0.0471398501560851,0.257396274885641,0.0662528423250046,204,0.711514381901378,1.22393322372453
"205","H3K9me3-human_GM12878_ENCFF001SUP_434","H3K9me3","No Known Liver Disease",0.187419466794919,0.0351260565336916,0.192894727826065,0.0372083760230916,205,0.94403627054006,1.22393322372453
"206","H3K9me3-human_GM12878_ENCFF001SUP_443","H3K9me3","No Known Liver Disease",0.223618081488982,0.050005046368813,0.237727037605853,0.0565141444088547,206,0.884823558630716,1.22393322372453
"207","H3K9me3-human_GM12878_ENCFF001SUP_454","H3K9me3","No Known Liver Disease",0.247187461663472,0.0611016412036307,0.30615936674979,0.0937335578486325,207,0.651865165539772,1.22393322372453
"208","H3K9me3-human_GM12878_ENCFF001SUP_498","H3K9me3","No Known Liver Disease",0.226116181568411,0.0511285275670785,0.287044129658362,0.0823943323713267,208,0.620534520950512,1.22393322372453
"209","H3K9me3-human_GM12878_ENCFF001SUP_527","H3K9me3","No Known Liver Disease",0.222118385028659,0.0493365769677396,0.208336775021339,0.043404211826292,209,1.13667717697973,1.22393322372453
"210","H3K9me3-human_GM12878_ENCFF001SUP_549","H3K9me3","No Known Liver Disease",0.232112429076723,0.0538761797318967,0.248317543030656,0.0616616021767815,210,0.87373953692341,1.22393322372453
"211","H3K9me3-human_GM12878_ENCFF001SUP_86","H3K9me3","No Known Liver Disease",0.163484587731344,0.0267272104256875,0.178100706793251,0.0317198617602555,211,0.842601730981571,1.22393322372453
"212","H4K20me1-human_GM12878_ENCFF001SUQ_1","H4K20me1","No Known Liver Disease",0.231164792221772,0.0534371611629349,0.198959115268536,0.0395847295484387,212,1.34994382360363,1.22393322372453
"213","H4K20me1-human_GM12878_ENCFF001SUQ_121","H4K20me1","No Known Liver Disease",0.18268182659422,0.0333726497678006,0.201893780687507,0.040761098680295,213,0.818737738880768,1.22393322372453
"214","H4K20me1-human_GM12878_ENCFF001SUQ_135","H4K20me1","No Known Liver Disease",0.157930284994565,0.0249419749184645,0.181510645079323,0.0329461142771118,214,0.7570536151449,1.22393322372453
"215","H4K20me1-human_GM12878_ENCFF001SUQ_138","H4K20me1","No Known Liver Disease",0.220981896523483,0.0488329985911154,0.184777681424002,0.0341427915524298,215,1.43025793647035,1.22393322372453
"216","H4K20me1-human_GM12878_ENCFF001SUQ_200","H4K20me1","No Known Liver Disease",0.168523346691281,0.0284001183800296,0.205855979298017,0.0423766842127456,216,0.670182646604704,1.22393322372453
"217","H4K20me1-human_GM12878_ENCFF001SUQ_204","H4K20me1","No Known Liver Disease",0.20670819308932,0.0427282770902517,0.237867921671639,0.0565811481603849,217,0.755168081233242,1.22393322372453
"218","H4K20me1-human_GM12878_ENCFF001SUQ_209","H4K20me1","No Known Liver Disease",0.162451651410864,0.0263905390461168,0.196061503206016,0.0384401130394026,218,0.686536457867995,1.22393322372453
"219","H4K20me1-human_GM12878_ENCFF001SUQ_272","H4K20me1","No Known Liver Disease",0.153797710180618,0.0236537356568013,0.162855693156126,0.0265219767933622,219,0.891854172149085,1.22393322372453
"220","H4K20me1-human_GM12878_ENCFF001SUQ_281","H4K20me1","No Known Liver Disease",0.176877888813462,0.0312857875511074,0.234687762978092,0.0550783460916609,220,0.568023366188991,1.22393322372453
"221","H4K20me1-human_GM12878_ENCFF001SUQ_31","H4K20me1","No Known Liver Disease",0.158988409872162,0.0252773144736787,0.157387183490709,0.024770725527138,221,1.02045111460242,1.22393322372453
"222","H4K20me1-human_GM12878_ENCFF001SUQ_331","H4K20me1","No Known Liver Disease",0.162457551978859,0.0263924561949635,0.210672162474594,0.0443827600417219,222,0.5946555863167,1.22393322372453
"223","H4K20me1-human_GM12878_ENCFF001SUQ_391","H4K20me1","No Known Liver Disease",0.159711024358864,0.0255076113017577,0.154775404790887,0.023955425928183,223,1.06479473077323,1.22393322372453
"224","H4K20me1-human_GM12878_ENCFF001SUQ_392","H4K20me1","No Known Liver Disease",0.139509259448571,0.0194628334718886,0.178213247636133,0.0317599616330177,224,0.612810358424835,1.22393322372453
"225","H4K20me1-human_GM12878_ENCFF001SUQ_452","H4K20me1","No Known Liver Disease",0.171446037604153,0.0293937438101647,0.189125991094242,0.0357686405073794,225,0.82177414051005,1.22393322372453
"226","H4K20me1-human_GM12878_ENCFF001SUQ_481","H4K20me1","No Known Liver Disease",0.167458579649744,0.0280423758983097,0.188769086625163,0.0356337680652981,226,0.78696072351716,1.22393322372453
"227","H4K20me1-human_GM12878_ENCFF001SUQ_508","H4K20me1","No Known Liver Disease",0.165445650520832,0.0273722632762613,0.184279555252855,0.03395895448419,227,0.806039634965936,1.22393322372453
"228","H4K20me1-human_GM12878_ENCFF001SUQ_514","H4K20me1","No Known Liver Disease",0.201301660632493,0.0405223585733993,0.229961631283112,0.0528823518623898,228,0.766273759511423,1.22393322372453
"229","H4K20me1-human_GM12878_ENCFF001SUQ_517","H4K20me1","No Known Liver Disease",0.182712691704317,0.0333839277098369,0.210795816951451,0.0444348764442297,229,0.751300113363365,1.22393322372453
"230","H4K20me1-human_GM12878_ENCFF001SUQ_518","H4K20me1","No Known Liver Disease",0.156546632036738,0.0245068480020457,0.179438300429869,0.0321981036611599,230,0.761127060771843,1.22393322372453
"231","H4K20me1-human_GM12878_ENCFF001SUQ_520","H4K20me1","No Known Liver Disease",0.165020587648876,0.0272317943479802,0.161276749122409,0.0260101898074925,231,1.0469663831571,1.22393322372453
"232","H4K20me1-human_GM12878_ENCFF001SUQ_522","H4K20me1","No Known Liver Disease",0.157367124547992,0.0247644118885032,0.177865318359497,0.0316360714751252,232,0.782790363461372,1.22393322372453
"233","H4K20me1-human_GM12878_ENCFF001SUQ_524","H4K20me1","No Known Liver Disease",0.207067242919896,0.0428768430904472,0.219020394249382,0.0479699330971548,233,0.893827452367039,1.22393322372453
"234","H4K20me1-human_GM12878_ENCFF001SUQ_61","H4K20me1","No Known Liver Disease",0.201127769364825,0.0404523796096702,0.171146956241503,0.0292912806307311,234,1.38103827277628,1.22393322372453
"235","H4K20me1-human_GM12878_ENCFF001SUQ_65","H4K20me1","No Known Liver Disease",0.155712158551991,0.0242462763209204,0.168832220243785,0.0285043185924459,235,0.850617643859274,1.22393322372453
"236","states_10_13_100","Repressive","No Known Liver Disease",0.17003656683365,0.0289124340605743,0.193339296765662,0.0373800836738405,236,0.773471624966101,1.22393322372453
"237","states_10_13_102","Repressive","No Known Liver Disease",0.176060936419634,0.0309974533329585,0.166810044623052,0.0278255909871447,237,1.11399083481387,1.22393322372453
"238","states_10_13_104","Repressive","No Known Liver Disease",0.164458483982736,0.0270465929538999,0.161045372193834,0.0259356119050504,238,1.04283612250664,1.22393322372453
"239","states_10_13_105","Repressive","No Known Liver Disease",0.195585904479719,0.0382538460311499,0.185840908483926,0.0345368432661309,239,1.10762427638151,1.22393322372453
"240","states_10_13_106","Repressive","No Known Liver Disease",0.192324085417792,0.0369885538317901,0.201963503959529,0.0407892569316106,240,0.906820977244253,1.22393322372453
"241","states_10_13_109","Repressive","No Known Liver Disease",0.168350363017041,0.0283418447279694,0.183842344730179,0.0337980077158901,241,0.838565544046683,1.22393322372453
"242","states_10_13_110","Repressive","No Known Liver Disease",0.264312868470324,0.069861292439011,0.279683050756736,0.0782226088805951,242,0.893108698862915,1.22393322372453
"243","states_10_13_111","Repressive","No Known Liver Disease",0.187836252287758,0.0352824576735104,0.25649948633754,0.0657919864914217,243,0.53627287387212,1.22393322372453
"244","states_10_13_114","Repressive","No Known Liver Disease",0.245447147094634,0.0602443020168947,0.246557969837484,0.0607908324903815,244,0.991009656372559,1.22393322372453
"245","states_10_13_115","Repressive","No Known Liver Disease",0.32273028940371,0.104154839698603,0.32557903529346,0.10600170822262,245,0.982576992814696,1.22393322372453
"246","states_10_13_12","Repressive","No Known Liver Disease",0.160899732116608,0.0258887237951961,0.206726997792056,0.0427360516161167,246,0.605781835620792,1.22393322372453
"247","states_10_13_124","Repressive","No Known Liver Disease",0.262624872880172,0.0689718238553262,0.188817037492455,0.0356518736474273,247,1.93459184045727,1.22393322372453
"248","states_10_13_127","Repressive","No Known Liver Disease",0.207893373941599,0.0432196549288213,0.23662485526872,0.0559913221309425,248,0.771899167298585,1.22393322372453
"249","states_10_13_128","Repressive","No Known Liver Disease",0.175597985794683,0.0308346526151496,0.223392903946921,0.0499043895338384,249,0.617874557792991,1.22393322372453
"250","states_10_13_129","Repressive","No Known Liver Disease",0.182362381784777,0.0332560382902166,0.210963381820578,0.0445055484691749,250,0.74723353456143,1.22393322372453
"251","states_10_13_131","Repressive","No Known Liver Disease",0.158082917015777,0.0249902086522171,0.231720414606271,0.0536943505453021,251,0.465415977629393,1.22393322372453
"252","states_10_13_137","Repressive","No Known Liver Disease",0.191303685222643,0.036597099979764,0.218483309740409,0.0477349566351234,252,0.766672949124162,1.22393322372453
"253","states_10_13_14","Repressive","No Known Liver Disease",0.169810188178289,0.0288355000091459,0.175996518191484,0.0309747744155252,253,0.930934947977958,1.22393322372453
"254","states_10_13_146","Repressive","No Known Liver Disease",0.167805276622014,0.0281586108621906,0.19370924869889,0.0375232730314884,254,0.750430561815882,1.22393322372453
"255","states_10_13_147","Repressive","No Known Liver Disease",0.235859714554743,0.0556298049498448,0.235506842345376,0.0554634727914898,255,1.00299894957859,1.22393322372453
"256","states_10_13_148","Repressive","No Known Liver Disease",0.201728001882834,0.0406941867436409,0.251340200279762,0.063171896276671,256,0.644181814099966,1.22393322372453
"257","states_10_13_149","Repressive","No Known Liver Disease",0.5,0.650456758935636,0.5,0.57473983983008,257,1.13174120507801,1.22393322372453
"258","states_10_13_150","Repressive","No Known Liver Disease",0.266202305302169,0.0708636673481891,0.321728814766651,0.103509430251154,258,0.684610737169034,1.22393322372453
"259","states_10_13_151","Repressive","No Known Liver Disease",0.168142822942853,0.0282720089071915,0.195242508629798,0.0381196371760568,259,0.741665215138755,1.22393322372453
"260","states_10_13_152","Repressive","No Known Liver Disease",0.252611636963646,0.0638126391294527,0.251110357525219,0.0630564116564433,260,1.01199287198786,1.22393322372453
"261","states_10_13_153","Repressive","No Known Liver Disease",0.218761156203244,0.0478564434633801,0.232577174475722,0.0540921420871103,261,0.88472080448047,1.22393322372453
"262","states_10_13_155","Repressive","No Known Liver Disease",0.280025543770248,0.078414305163823,0.256329258309956,0.0657046886657319,262,1.19343545728906,1.22393322372453
"263","states_10_13_156","Repressive","No Known Liver Disease",0.173531823593515,0.0301132937996909,0.209720360892937,0.0439826297730638,263,0.684663330843694,1.22393322372453
"264","states_10_13_157","Repressive","No Known Liver Disease",0.185082210410458,0.0342554246104212,0.194119668020303,0.0376824455123128,264,0.909055241630433,1.22393322372453
"265","states_10_13_16","Repressive","No Known Liver Disease",0.160139077262776,0.0256445240665732,0.210810785217598,0.0444411871640604,265,0.577044082371229,1.22393322372453
"266","states_10_13_160","Repressive","No Known Liver Disease",0.175514055892104,0.0308051838156966,0.181104694458296,0.0327989103548327,266,0.939213634917529,1.22393322372453
"267","states_10_13_161","Repressive","No Known Liver Disease",0.169273360917689,0.0286534707163702,0.195805216266748,0.038339682717268,267,0.747358055299318,1.22393322372453
"268","states_10_13_162","Repressive","No Known Liver Disease",0.171587578980149,0.0294422972602688,0.142830444896968,0.0204005359894658,268,1.44321194675825,1.22393322372453
"269","states_10_13_163","Repressive","No Known Liver Disease",0.213407559176329,0.0455427863135983,0.195661716715152,0.0382835073879202,269,1.18961896181876,1.22393322372453
"270","states_10_13_164","Repressive","No Known Liver Disease",0.193136242233382,0.0373016080640316,0.176461244875374,0.0311385709429669,270,1.19792292755994,1.22393322372453
"271","states_10_13_166","Repressive","No Known Liver Disease",0.175487096045972,0.0307957208786483,0.194295152708362,0.0377506063659659,271,0.815767582117892,1.22393322372453
"272","states_10_13_167","Repressive","No Known Liver Disease",0.193904648772946,0.0375990128157597,0.212969138251669,0.0453558538476587,272,0.82897817208,1.22393322372453
"273","states_10_13_168","Repressive","No Known Liver Disease",0.160660247972695,0.0258117152786479,0.162248049738265,0.0263244296438705,273,0.980523248854433,1.22393322372453
"274","states_10_13_170","Repressive","No Known Liver Disease",0.178492802565354,0.0318596805676345,0.21297530888293,0.0453584821937794,274,0.702397413377378,1.22393322372453
"275","states_10_13_171","Repressive","No Known Liver Disease",0.15522540609241,0.0240949266965536,0.187901940591853,0.0353071392781843,275,0.682437806889709,1.22393322372453
"276","states_10_13_172","Repressive","No Known Liver Disease",0.210497365177264,0.0443091407465706,0.245965314164595,0.0604989357720877,276,0.732395374911925,1.22393322372453
"277","states_10_13_175","Repressive","No Known Liver Disease",0.286915016085655,0.0823202264554318,0.207704211230775,0.0431410393629983,277,1.90816511773792,1.22393322372453
"278","states_10_13_177","Repressive","No Known Liver Disease",0.171838837183297,0.0295285859645077,0.180899480213088,0.0327246219413654,278,0.902335434689383,1.22393322372453
"279","states_10_13_178","Repressive","No Known Liver Disease",0.181145195471518,0.0328135818424144,0.175756257947986,0.0308902622078791,279,1.06226297535424,1.22393322372453
"280","states_10_13_18","Repressive","No Known Liver Disease",0.27953334525774,0.0781388911109826,0.324352538303895,0.10520456910418,280,0.742732865847345,1.22393322372453
"281","states_10_13_180","Repressive","No Known Liver Disease",0.246348044667563,0.0606873591115318,0.266008757161393,0.0707606588865487,281,0.85764265153088,1.22393322372453
"282","states_10_13_181","Repressive","No Known Liver Disease",0.174095148456173,0.0303091207159767,0.20471883088821,0.0419097997202355,282,0.723198891865438,1.22393322372453
"283","states_10_13_182","Repressive","No Known Liver Disease",0.214150525310796,0.0458604474908898,0.243504196958932,0.0592942939366146,283,0.77343778711514,1.22393322372453
"284","states_10_13_183","Repressive","No Known Liver Disease",0.190644990260154,0.036345512311294,0.177582864344989,0.0315356737089709,284,1.15252055962752,1.22393322372453
"285","states_10_13_184","Repressive","No Known Liver Disease",0.5,0.332634455712879,0.487199909938555,0.237363752244137,285,1.40137005995234,1.22393322372453
"286","states_10_13_185","Repressive","No Known Liver Disease",0.176778375267726,0.031250593962297,0.178813164340139,0.0319741477413337,286,0.977370662546188,1.22393322372453
"287","states_10_13_186","Repressive","No Known Liver Disease",0.188045858980945,0.0353612450798814,0.200816433197095,0.0403272398420033,287,0.876857558772236,1.22393322372453
"288","states_10_13_187","Repressive","No Known Liver Disease",0.184898518710705,0.0341874622214129,0.163910448241779,0.0268666350428208,288,1.2724876847035,1.22393322372453
"289","states_10_13_19","Repressive","No Known Liver Disease",0.193617825315676,0.0374878622799715,0.18473954943074,0.0341287011238727,289,1.09842628185311,1.22393322372453
"290","states_10_13_191","Repressive","No Known Liver Disease",0.183192310311523,0.0335594225572732,0.218365954526687,0.047683690096351,290,0.703792481023639,1.22393322372453
"291","states_10_13_192","Repressive","No Known Liver Disease",0.192079773552608,0.0368946394080213,0.187325823512214,0.0350909641545291,291,1.05139999133536,1.22393322372453
"292","states_10_13_193","Repressive","No Known Liver Disease",0.190259639884634,0.0361987305690305,0.171964998134457,0.0295719605833837,292,1.22408963947322,1.22393322372453
"293","states_10_13_194","Repressive","No Known Liver Disease",0.166444753221053,0.0277038558748173,0.156518548093611,0.0244980558973321,293,1.13085936251106,1.22393322372453
"294","states_10_13_196","Repressive","No Known Liver Disease",0.203320051203507,0.0413390432213968,0.379355246565982,0.143910403097137,294,0.287255419564726,1.22393322372453
"295","states_10_13_197","Repressive","No Known Liver Disease",0.202962948722709,0.0411939585542169,0.299227864907384,0.0895373151370316,295,0.460075874412495,1.22393322372453
"296","states_10_13_198","Repressive","No Known Liver Disease",0.208084997284351,0.0432993660948285,0.192446648551354,0.0370357125386482,296,1.16912469416226,1.22393322372453
"297","states_10_13_199","Repressive","No Known Liver Disease",0.234349748668911,0.0549198047011816,0.232742269483359,0.0541689640042644,297,1.01386108652287,1.22393322372453
"298","states_10_13_20","Repressive","No Known Liver Disease",0.201586307399922,0.040637039331136,0.189438029706864,0.0358867670992188,298,1.13236835234513,1.22393322372453
"299","states_10_13_202","Repressive","No Known Liver Disease",0.177511805889894,0.0315104412302915,0.177224598363677,0.0314085582651667,299,1.00324379630114,1.22393322372453
"300","states_10_13_203","Repressive","No Known Liver Disease",0.197011509718746,0.0388135349616596,0.232232643087581,0.0539320005154439,300,0.719675417019715,1.22393322372453
"301","states_10_13_205","Repressive","No Known Liver Disease",0.174157414567462,0.0303308050488228,0.185469814480873,0.0343990520835693,301,0.881733745893255,1.22393322372453
"302","states_10_13_206","Repressive","No Known Liver Disease",0.159134038834096,0.0253236423156517,0.222889492518138,0.0496797258749932,302,0.509737963920582,1.22393322372453
"303","states_10_13_207","Repressive","No Known Liver Disease",0.192113194823845,0.0369074796254245,0.174717284224781,0.0305261294068828,303,1.20904550765296,1.22393322372453
"304","states_10_13_208","Repressive","No Known Liver Disease",0.173131450491375,0.0299744991492475,0.208563350267776,0.043498671074919,304,0.689089997660423,1.22393322372453
"305","states_10_13_21","Repressive","No Known Liver Disease",0.146273086645574,0.0213958158768237,0.152852043024558,0.0233637470567814,305,0.915769881638634,1.22393322372453
"306","states_10_13_210","Repressive","No Known Liver Disease",0.161971203927321,0.0262346709016657,0.157688939775414,0.0248658017274943,306,1.05505027302851,1.22393322372453
"307","states_10_13_213","Repressive","No Known Liver Disease",0.192537158604865,0.037070557443635,0.230873516184364,0.0533025804753319,307,0.695473973549762,1.22393322372453
"308","states_10_13_214","Repressive","No Known Liver Disease",0.207292123656806,0.0429700245301484,0.224546234942969,0.0504210116270631,308,0.85222456161678,1.22393322372453
"309","states_10_13_217","Repressive","No Known Liver Disease",0.210046539920053,0.0441195489323866,0.211694232210285,0.0448144479511019,309,0.984493861902003,1.22393322372453
"310","states_10_13_218","Repressive","No Known Liver Disease",0.157495695058299,0.0248048939618968,0.15947719588714,0.0254329760080251,310,0.975304421868281,1.22393322372453
"311","states_10_13_219","Repressive","No Known Liver Disease",0.186516415522885,0.0347883732595055,0.220018225221165,0.0484080194294713,311,0.718648969107089,1.22393322372453
"312","states_10_13_220","Repressive","No Known Liver Disease",0.215388458583488,0.0463921880909709,0.252646693813327,0.0638303518948052,312,0.726804517189988,1.22393322372453
"313","states_10_13_221","Repressive","No Known Liver Disease",0.354492294443661,0.125664786819932,0.289406470882085,0.0837561053884229,313,1.5003656896074,1.22393322372453
"314","states_10_13_224","Repressive","No Known Liver Disease",0.157464653886373,0.0247951172235552,0.17893522045642,0.0320178131197878,314,0.774416326648842,1.22393322372453
"315","states_10_13_225","Repressive","No Known Liver Disease",0.224626689582363,0.0504571496727312,0.283179262412953,0.0801904946607442,315,0.629216092084185,1.22393322372453
"316","states_10_13_226","Repressive","No Known Liver Disease",0.340997283779779,0.116279147545187,0.339812771740054,0.115472719837658,316,1.00698370756888,1.22393322372453
"317","states_10_13_227","Repressive","No Known Liver Disease",0.27932250119104,0.0780210596716184,0.294424760957022,0.0866859398645997,317,0.900042841935895,1.22393322372453
"318","states_10_13_229","Repressive","No Known Liver Disease",0.179734688067529,0.0323045580947318,0.20820715028171,0.0433502174284307,318,0.745199447916615,1.22393322372453
"319","states_10_13_23","Repressive","No Known Liver Disease",0.169607997324789,0.0287668727565257,0.22125270904109,0.0489527612580212,319,0.587645559050301,1.22393322372453
"320","states_10_13_231","Repressive","No Known Liver Disease",0.189625636011046,0.0359578818325935,0.174744495177341,0.0305356385947836,320,1.17757097893922,1.22393322372453
"321","states_10_13_232","Repressive","No Known Liver Disease",0.170397851462901,0.029035427783173,0.184602715211302,0.034078162463385,321,0.852024454498386,1.22393322372453
"322","states_10_13_233","Repressive","No Known Liver Disease",0.173810613694061,0.0302101294327059,0.19007676728518,0.0361291774615843,322,0.836169864781116,1.22393322372453
"323","states_10_13_234","Repressive","No Known Liver Disease",0.170235398628424,0.0289800909461786,0.198215437725934,0.0392893597528837,323,0.737606597013877,1.22393322372453
"324","states_10_13_235","Repressive","No Known Liver Disease",0.181679661150748,0.0330074992758508,0.174202859966949,0.0303466364206646,324,1.08768229922754,1.22393322372453
"325","states_10_13_239","Repressive","No Known Liver Disease",0.204118649673268,0.0416644231444384,0.183492053244437,0.0336693336038595,325,1.23745909659651,1.22393322372453
"326","states_10_13_24","Repressive","No Known Liver Disease",0.238210161948471,0.0567440812555167,0.216932036086761,0.0470595082807477,326,1.20579418120973,1.22393322372453
"327","states_10_13_240","Repressive","No Known Liver Disease",0.216826338257592,0.0470136609621955,0.227344249857739,0.0516854079433781,327,0.909611877567059,1.22393322372453
"328","states_10_13_241","Repressive","No Known Liver Disease",0.221459513589956,0.0490443161594999,0.211137040629698,0.0445788499258666,328,1.10017006363016,1.22393322372453
"329","states_10_13_242","Repressive","No Known Liver Disease",0.239030792926796,0.0571357199672129,0.294260566629955,0.0865892810733822,329,0.659847492194696,1.22393322372453
"330","states_10_13_243","Repressive","No Known Liver Disease",0.244214870622152,0.0596409030329942,0.237537474746451,0.056424051908921,330,1.05701205452713,1.22393322372453
"331","states_10_13_244","Repressive","No Known Liver Disease",0.22095830693766,0.048822573404757,0.202083907328527,0.0408379056011647,331,1.19552099173677,1.22393322372453
"332","states_10_13_245","Repressive","No Known Liver Disease",0.237403533191598,0.0563604375718544,0.192945612121976,0.0372280092371242,332,1.51392563628278,1.22393322372453
"333","states_10_13_247","Repressive","No Known Liver Disease",0.212434992937481,0.0451286262243475,0.227957078954978,0.0519644298456862,333,0.86845225394297,1.22393322372453
"334","states_10_13_248","Repressive","No Known Liver Disease",0.270530180004057,0.0731865782930274,0.399833990310343,0.159867219807492,334,0.457796028361267,1.22393322372453
"335","states_10_13_249","Repressive","No Known Liver Disease",0.201418345628389,0.0405693499556771,0.276465976079887,0.0764334359298045,335,0.530780141729274,1.22393322372453
"336","states_10_13_250","Repressive","No Known Liver Disease",0.235539438365501,0.0554788270255355,0.28076677034684,0.0788299793309953,336,0.703778276949537,1.22393322372453
"337","states_10_13_251","Repressive","No Known Liver Disease",0.16758197440683,0.0280837181460915,0.144738755688271,0.0209493073981891,337,1.34055592446551,1.22393322372453
"338","states_10_13_257","Repressive","No Known Liver Disease",0.306305940542458,0.0938233292115997,0.321168161855131,0.103148988189404,338,0.909590397913744,1.22393322372453
"339","states_10_13_260","Repressive","No Known Liver Disease",0.161947836146572,0.0262271016325569,0.175852310074017,0.0309240349583682,339,0.848113826926707,1.22393322372453
"340","states_10_13_262","Repressive","No Known Liver Disease",0.165405508978766,0.0273589824005248,0.148801390427408,0.0221418537931298,340,1.23562293636921,1.22393322372453
"341","states_10_13_263","Repressive","No Known Liver Disease",0.177889544034647,0.0316446898768547,0.204116133413903,0.0416633959198423,341,0.759532178743593,1.22393322372453
"342","states_10_13_269","Repressive","No Known Liver Disease",0.156687428864393,0.0245509503641342,0.187134649951506,0.0350193772124728,342,0.701067589385624,1.22393322372453
"343","states_10_13_274","Repressive","No Known Liver Disease",0.183229597124327,0.0335730852623432,0.20221216359385,0.0408897591053059,343,0.821063415313365,1.22393322372453
"344","states_10_13_275","Repressive","No Known Liver Disease",0.148259549449279,0.0219808940029032,0.171462876803043,0.0293995181215755,344,0.747661710372458,1.22393322372453
"345","states_10_13_276","Repressive","No Known Liver Disease",0.180777697111,0.0326805757727565,0.22081702297025,0.0487601576334438,345,0.670231134575772,1.22393322372453
"346","states_10_13_277","Repressive","No Known Liver Disease",0.247359630537344,0.0611867868195714,0.260004647464097,0.0676024167029292,346,0.905097625258715,1.22393322372453
"347","states_10_13_278","Repressive","No Known Liver Disease",0.225107200732992,0.0506732518218436,0.241690708297905,0.058414398477543,347,0.867478791916766,1.22393322372453
"348","states_10_13_279","Repressive","No Known Liver Disease",0.275650832730605,0.0759833815850761,0.322402003535528,0.103943051883723,348,0.731009723190309,1.22393322372453
"349","states_10_13_28","Repressive","No Known Liver Disease",0.181684862132105,0.0330093891279619,0.210340450861885,0.0442431052687812,349,0.746091146347585,1.22393322372453
"350","states_10_13_282","Repressive","No Known Liver Disease",0.252790599713043,0.06390308730328,0.303107502016576,0.0918741577787288,350,0.69555018351499,1.22393322372453
"351","states_10_13_283","Repressive","No Known Liver Disease",0.202957279498721,0.0411916573015219,0.205356967060929,0.0421714839204633,351,0.976765659449181,1.22393322372453
"352","states_10_13_284","Repressive","No Known Liver Disease",0.166690550731581,0.0277857397031979,0.138430254161413,0.0191629352671935,352,1.44997305035865,1.22393322372453
"353","states_10_13_289","Repressive","No Known Liver Disease",0.160701275635969,0.0258248999910278,0.16484321495054,0.0271732855152299,353,0.950378266792718,1.22393322372453
"354","states_10_13_29","Repressive","No Known Liver Disease",0.1682347766149,0.0283029400626655,0.176053066175619,0.0309946821098369,354,0.913154713520446,1.22393322372453
"355","states_10_13_290","Repressive","No Known Liver Disease",0.163328528921609,0.0266762083596969,0.186538668377283,0.0347966747999699,355,0.766630964396631,1.22393322372453
"356","states_10_13_292","Repressive","No Known Liver Disease",0.174082819250206,0.0303048279581,0.245708726382841,0.0603727782206778,356,0.501961792239015,1.22393322372453
"357","states_10_13_293","Repressive","No Known Liver Disease",0.194431029018041,0.0378034250450144,0.18411676792856,0.033898984232459,357,1.11517869638161,1.22393322372453
"358","states_10_13_295","Repressive","No Known Liver Disease",0.191895100892581,0.0368237297465739,0.2148593386318,0.0461645353972945,358,0.797662738932967,1.22393322372453
"359","states_10_13_299","Repressive","No Known Liver Disease",0.205668595865746,0.0422995713253876,0.19349351270527,0.0374397394590245,359,1.1298041048518,1.22393322372453
"360","states_10_13_30","Repressive","No Known Liver Disease",0.198312161716147,0.0393277134845313,0.195763404568481,0.0383233105682427,360,1.0262086678159,1.22393322372453
"361","states_10_13_302","Repressive","No Known Liver Disease",0.183369990729066,0.0336245534999776,0.206028755167428,0.04244784795584,361,0.79213800273122,1.22393322372453
"362","states_10_13_304","Repressive","No Known Liver Disease",0.162287341978087,0.0263371813663124,0.190747844478876,0.0363847401733374,362,0.723852396384905,1.22393322372453
"363","states_10_13_305","Repressive","No Known Liver Disease",0.18693391546626,0.0349442887515467,0.211058231769853,0.0445455771978171,363,0.784461465082533,1.22393322372453
"364","states_10_13_306","Repressive","No Known Liver Disease",0.160260775379369,0.0256835161251966,0.198629384671015,0.0394536324547862,364,0.650979758445051,1.22393322372453
"365","states_10_13_308","Repressive","No Known Liver Disease",0.179890355534016,0.0323605400141547,0.210036314893981,0.0441152535742434,365,0.733545370190239,1.22393322372453
"366","states_10_13_316","Repressive","No Known Liver Disease",0.222348102902466,0.0494386788643256,0.223519108764922,0.0499607919830651,366,0.989549542791146,1.22393322372453
"367","states_10_13_317","Repressive","No Known Liver Disease",0.146583545096695,0.0214867356931149,0.149153339682711,0.0222467187385063,367,0.965838420743104,1.22393322372453
"368","states_10_13_32","Repressive","No Known Liver Disease",0.159705184274093,0.0255057458840221,0.156699425413705,0.0245547099249852,368,1.03873130498965,1.22393322372453
"369","states_10_13_324","Repressive","No Known Liver Disease",0.163728935518325,0.026807164325964,0.224865396631623,0.0505644466022972,369,0.530158364765849,1.22393322372453
"370","states_10_13_326","Repressive","No Known Liver Disease",0.19109288335066,0.0365164900672691,0.233873655439998,0.0546968867088669,370,0.667615512773772,1.22393322372453
"371","states_10_13_328","Repressive","No Known Liver Disease",0.236571036449378,0.0559658552867331,0.198143743604009,0.0392609431294112,371,1.42548423002115,1.22393322372453
"372","states_10_13_329","Repressive","No Known Liver Disease",0.218517051102539,0.0477497016225498,0.280940397750954,0.0789275070884644,372,0.604981753307252,1.22393322372453
"373","states_10_13_33","Repressive","No Known Liver Disease",0.16036941118027,0.0257183480423064,0.220393362985459,0.0485732344480405,373,0.529475715063152,1.22393322372453
"374","states_10_13_330","Repressive","No Known Liver Disease",0.146131143202567,0.0213543110136891,0.173698239560593,0.0301710784264493,374,0.707774203886891,1.22393322372453
"375","states_10_13_332","Repressive","No Known Liver Disease",0.161862367116427,0.0261994258885331,0.211787326731735,0.0448538717641749,375,0.584106228917763,1.22393322372453
"376","states_10_13_335","Repressive","No Known Liver Disease",0.5,0.253759870347512,0.462529940550722,0.213933945905855,376,1.18615991152326,1.22393322372453
"377","states_10_13_337","Repressive","No Known Liver Disease",0.179070498557435,0.0320662434536085,0.241463582594196,0.0583046617192242,377,0.549977351863026,1.22393322372453
"378","states_10_13_338","Repressive","No Known Liver Disease",0.180748529963506,0.0326700310839683,0.177098635436991,0.0313639266736441,378,1.04164352327165,1.22393322372453
"379","states_10_13_339","Repressive","No Known Liver Disease",0.154215362477308,0.0237823780240074,0.202848198594311,0.0411473916729569,379,0.577980208637082,1.22393322372453
"380","states_10_13_34","Repressive","No Known Liver Disease",0.150618871567257,0.0226860444721938,0.193607200673915,0.0374837481527895,380,0.605223479245512,1.22393322372453
"381","states_10_13_340","Repressive","No Known Liver Disease",0.148760398905274,0.0221296562824563,0.259135885797742,0.0671514073081806,381,0.329548659805383,1.22393322372453
"382","states_10_13_341","Repressive","No Known Liver Disease",0.154361998448906,0.0238276265651402,0.207321152438532,0.0429820602484409,382,0.554362132187567,1.22393322372453
"383","states_10_13_342","Repressive","No Known Liver Disease",0.181180939563797,0.0328265328612202,0.20670955250152,0.0427288390953784,383,0.768252392440279,1.22393322372453
"384","states_10_13_343","Repressive","No Known Liver Disease",0.160104776887967,0.0256335395823458,0.201970750805098,0.0407921841807751,384,0.628393406657214,1.22393322372453
"385","states_10_13_345","Repressive","No Known Liver Disease",0.173691610151558,0.0301687754370409,0.188418310835254,0.0355014598580103,385,0.849789714499131,1.22393322372453
"386","states_10_13_346","Repressive","No Known Liver Disease",0.240322036537613,0.057754681245586,0.238954241673373,0.0570991296136967,386,1.01148093913733,1.22393322372453
"387","states_10_13_347","Repressive","No Known Liver Disease",0.175916990817323,0.030946787658222,0.227907021492715,0.0519416104456807,387,0.59579954092077,1.22393322372453
"388","states_10_13_348","Repressive","No Known Liver Disease",0.170496145483787,0.0290689356248287,0.181666227813389,0.0330026183279463,388,0.880806951011322,1.22393322372453
"389","states_10_13_349","Repressive","No Known Liver Disease",0.188182853654355,0.0354127864094964,0.167709423818401,0.0281264508375002,389,1.25905634571859,1.22393322372453
"390","states_10_13_35","Repressive","No Known Liver Disease",0.166589268032963,0.0277519842237584,0.167956461402863,0.0282093729269713,390,0.983785931562639,1.22393322372453
"391","states_10_13_350","Repressive","No Known Liver Disease",0.193211375917065,0.0373306357837653,0.239154682061255,0.0571949619518202,391,0.652690980286198,1.22393322372453
"392","states_10_13_351","Repressive","No Known Liver Disease",0.157501829660929,0.0248068263465402,0.157563623589351,0.0248262954786066,392,0.999215785855641,1.22393322372453
"393","states_10_13_352","Repressive","No Known Liver Disease",0.226467278269641,0.0512874281268592,0.21156741767119,0.0447607722200559,393,1.14581195951483,1.22393322372453
"394","states_10_13_353","Repressive","No Known Liver Disease",0.220963166088986,0.0488247207680687,0.183831140100837,0.0337938880707734,394,1.44477962008446,1.22393322372453
"395","states_10_13_355","Repressive","No Known Liver Disease",0.267010265500896,0.0712944818828587,0.285273720796013,0.0813810957768016,395,0.876057040057475,1.22393322372453
"396","states_10_13_356","Repressive","No Known Liver Disease",0.171583117865052,0.0294407663362922,0.239266798159991,0.0572486007017338,396,0.514261763177045,1.22393322372453
"397","states_10_13_358","Repressive","No Known Liver Disease",0.392644864114546,0.15416998931553,0.337552057412922,0.113941391463696,397,1.35306395099319,1.22393322372453
"398","states_10_13_36","Repressive","No Known Liver Disease",0.210254717431137,0.0442070462020471,0.241537702851898,0.058340461898972,398,0.757742478600877,1.22393322372453
"399","states_10_13_361","Repressive","No Known Liver Disease",0.207310173266549,0.0429775079398064,0.166282049058645,0.0276497198391415,399,1.55435600034423,1.22393322372453
"400","states_10_13_362","Repressive","No Known Liver Disease",0.232265359082775,0.0539471970298506,0.241687447388314,0.0584128222250789,400,0.923550600277091,1.22393322372453
"401","states_10_13_363","Repressive","No Known Liver Disease",0.177997098126829,0.0316829669415718,0.175275775987945,0.0307215976481762,401,1.03129294590748,1.22393322372453
"402","states_10_13_364","Repressive","No Known Liver Disease",0.164057869331781,0.0269149844896838,0.178895841715037,0.0320037221829316,402,0.840995442212601,1.22393322372453
"403","states_10_13_368","Repressive","No Known Liver Disease",0.144276355943729,0.0208156668844015,0.14921681047588,0.0222656565285948,403,0.934877750299834,1.22393322372453
"404","states_10_13_369","Repressive","No Known Liver Disease",0.204970146355754,0.0420127608970993,0.176360834221745,0.0311031438473899,404,1.35075608765591,1.22393322372453
"405","states_10_13_37","Repressive","No Known Liver Disease",0.206274409847501,0.0425491321579348,0.198891150770579,0.0395576898548452,405,1.07562227000784,1.22393322372453
"406","states_10_13_372","Repressive","No Known Liver Disease",0.187319390749385,0.0350885541507207,0.295687662753178,0.0874311939044372,406,0.401327633579758,1.22393322372453
"407","states_10_13_373","Repressive","No Known Liver Disease",0.187401182956388,0.0351192033734535,0.177474177207995,0.0314970835756549,407,1.1149985772206,1.22393322372453
"408","states_10_13_374","Repressive","No Known Liver Disease",0.187822381173,0.0352772468694957,0.25033830352749,0.0626692662130219,408,0.56291143970927,1.22393322372453
"409","states_10_13_379","Repressive","No Known Liver Disease",0.191554816586386,0.036693247757444,0.209672472888997,0.0439625458873872,409,0.834647926246948,1.22393322372453
"410","states_10_13_380","Repressive","No Known Liver Disease",0.151538828542933,0.0229640165561645,0.162004986834648,0.0262456157592944,410,0.874965813977226,1.22393322372453
"411","states_10_13_382","Repressive","No Known Liver Disease",0.245753507833243,0.0603947866123439,0.264633069971919,0.0700306617227628,411,0.862404911314912,1.22393322372453
"412","states_10_13_383","Repressive","No Known Liver Disease",0.183024728149449,0.0334980511141798,0.158794875385118,0.0252158124485752,412,1.32845416670572,1.22393322372453
"413","states_10_13_384","Repressive","No Known Liver Disease",0.216817795128003,0.0470099562841687,0.261447927093696,0.0683550185815904,413,0.687732331285323,1.22393322372453
"414","states_10_13_385","Repressive","No Known Liver Disease",0.207342596925358,0.0429909524997514,0.182476122922921,0.0332975354369811,414,1.29111515118337,1.22393322372453
"415","states_10_13_386","Repressive","No Known Liver Disease",0.163264846921845,0.0266554102404135,0.182555674325198,0.0333265742283276,415,0.799824490143857,1.22393322372453
"416","states_10_13_387","Repressive","No Known Liver Disease",0.220284509062355,0.0485252649328427,0.182117418518112,0.0331667541277011,416,1.46306945642034,1.22393322372453
"417","states_10_13_388","Repressive","No Known Liver Disease",0.169538780018492,0.0287433979301585,0.258361160421485,0.0667504892143365,417,0.430609547113028,1.22393322372453
"418","states_10_13_389","Repressive","No Known Liver Disease",0.201104835053603,0.040443154681937,0.183578511959859,0.0337010700533962,418,1.20005550618597,1.22393322372453
"419","states_10_13_39","Repressive","No Known Liver Disease",0.175337137395818,0.0307431117501599,0.173962610342915,0.0302629897973209,419,1.01586498743364,1.22393322372453
"420","states_10_13_390","Repressive","No Known Liver Disease",0.266347476046484,0.0709409779963325,0.25301767856059,0.0640179456641901,420,1.10814205704847,1.22393322372453
"421","states_10_13_395","Repressive","No Known Liver Disease",0.221872218823807,0.0492272814857991,0.225808706595768,0.0509895719744536,421,0.965438217650907,1.22393322372453
"422","states_10_13_396","Repressive","No Known Liver Disease",0.231164189751187,0.0534368826233226,0.222631760342363,0.0495649007131393,422,1.07811943239012,1.22393322372453
"423","states_10_13_397","Repressive","No Known Liver Disease",0.234180924288618,0.0548407053006716,0.22150959608453,0.0490665011575315,423,1.11768118791682,1.22393322372453
"424","states_10_13_40","Repressive","No Known Liver Disease",0.189618998956833,0.0359553647653915,0.198192475562962,0.0392802573697752,424,0.915354612545331,1.22393322372453
"425","states_10_13_401","Repressive","No Known Liver Disease",0.17031902634855,0.0290085707363179,0.174389606901298,0.0304117349951893,425,0.953861091480203,1.22393322372453
"426","states_10_13_402","Repressive","No Known Liver Disease",0.145071127270366,0.0210456319674947,0.176658821484304,0.0312083392082233,426,0.674359241838451,1.22393322372453
"427","states_10_13_403","Repressive","No Known Liver Disease",0.181115347441372,0.032802769078809,0.215186393674086,0.0463051840224588,427,0.708403816361016,1.22393322372453
"428","states_10_13_404","Repressive","No Known Liver Disease",0.238403458601986,0.056836209073389,0.245102750350629,0.0600753582294428,428,0.946081900274607,1.22393322372453
"429","states_10_13_405","Repressive","No Known Liver Disease",0.25588273191877,0.0654759724942131,0.277633835463757,0.0770805465943162,429,0.849448731063373,1.22393322372453
"430","states_10_13_406","Repressive","No Known Liver Disease",0.184111681709631,0.0338971113419485,0.277252567499659,0.076868986185153,430,0.440972530329737,1.22393322372453
"431","states_10_13_407","Repressive","No Known Liver Disease",0.195610580233395,0.0382634990992454,0.232103252844259,0.0538719199808862,431,0.710267967297645,1.22393322372453
"432","states_10_13_409","Repressive","No Known Liver Disease",0.191364904645532,0.0366205267299934,0.216510262483123,0.0468766937605107,432,0.781209675688408,1.22393322372453
"433","states_10_13_410","Repressive","No Known Liver Disease",0.174812953499092,0.0305595687110756,0.201084963401031,0.0404351625059939,433,0.755767179284752,1.22393322372453
"434","states_10_13_411","Repressive","No Known Liver Disease",0.19504189242811,0.0380413398019382,0.20253622319197,0.0410209217048676,434,0.927364335585472,1.22393322372453
"435","states_10_13_412","Repressive","No Known Liver Disease",0.271398577667665,0.0736571879600315,0.316359600228256,0.100083396656582,435,0.735958115138448,1.22393322372453
"436","states_10_13_413","Repressive","No Known Liver Disease",0.454481687230927,0.20655360402827,0.461827657052085,0.213284784818218,436,0.968440407994013,1.22393322372453
"437","states_10_13_414","Repressive","No Known Liver Disease",0.273344797118453,0.0747173781117281,0.245453736326055,0.0602475366764205,437,1.24017316281366,1.22393322372453
"438","states_10_13_415","Repressive","No Known Liver Disease",0.336511170646428,0.11323976796983,0.34934882854609,0.122044604006526,438,0.927855589287461,1.22393322372453
"439","states_10_13_416","Repressive","No Known Liver Disease",0.223462085766186,0.0499353037749743,0.226598882311247,0.0513470534647065,439,0.972505731206124,1.22393322372453
"440","states_10_13_417","Repressive","No Known Liver Disease",0.171361614117842,0.029364802793072,0.182613569145719,0.0333477156361384,440,0.880564147585865,1.22393322372453
"441","states_10_13_42","Repressive","No Known Liver Disease",0.193913811345027,0.0376025662303548,0.2454459881724,0.060243733109926,441,0.624173906383622,1.22393322372453
"442","states_10_13_420","Repressive","No Known Liver Disease",0.33379099063172,0.111416425426905,0.339375030308902,0.115175411197168,442,0.967362948990663,1.22393322372453
"443","states_10_13_421","Repressive","No Known Liver Disease",0.21410345128216,0.0458402878509323,0.246960083934905,0.0609892830571355,443,0.751612177634365,1.22393322372453
"444","states_10_13_423","Repressive","No Known Liver Disease",0.185266332463104,0.0343236139443294,0.23498656498876,0.0552186857252166,444,0.621594184894823,1.22393322372453
"445","states_10_13_425","Repressive","No Known Liver Disease",0.161254612729521,0.0260030501265478,0.183923568878822,0.0338278791891226,445,0.768686975058995,1.22393322372453
"446","states_10_13_426","Repressive","No Known Liver Disease",0.196728029035437,0.0387019174081679,0.205288846432557,0.0421435104696098,446,0.918336345902563,1.22393322372453
"447","states_10_13_429","Repressive","No Known Liver Disease",0.27344107305426,0.0747700204330652,0.275894522324373,0.0761177874485939,447,0.982293665374353,1.22393322372453
"448","states_10_13_43","Repressive","No Known Liver Disease",0.189896815660658,0.036060800598058,0.208916581022584,0.0436461378261657,448,0.826208283117314,1.22393322372453
"449","states_10_13_432","Repressive","No Known Liver Disease",0.139863088386118,0.0195616834929032,0.169166157966902,0.028617189001283,449,0.683564115679782,1.22393322372453
"450","states_10_13_433","Repressive","No Known Liver Disease",0.202664747989523,0.041073000077657,0.193918884256518,0.0376045336712929,450,1.09223532557756,1.22393322372453
"451","states_10_13_435","Repressive","No Known Liver Disease",0.255231766213583,0.0651432544845051,0.237697507331204,0.056500104991468,451,1.15297581295366,1.22393322372453
"452","states_10_13_436","Repressive","No Known Liver Disease",0.206695765423096,0.0427231394438394,0.244669797700038,0.0598633099065774,452,0.713678203068175,1.22393322372453
"453","states_10_13_438","Repressive","No Known Liver Disease",0.280215663143154,0.0785208178707573,0.237253977951941,0.0562894500540203,453,1.39494732663762,1.22393322372453
"454","states_10_13_439","Repressive","No Known Liver Disease",0.212724169793528,0.0452515724143457,0.267399318703164,0.0715023956429165,454,0.632867920123018,1.22393322372453
"455","states_10_13_44","Repressive","No Known Liver Disease",0.208158030922577,0.0433297658375647,0.222312407047483,0.0494228063272456,455,0.876716015490162,1.22393322372453
"456","states_10_13_440","Repressive","No Known Liver Disease",0.195656792063545,0.0382815802805971,0.189788479923686,0.0360196671117434,456,1.06279661502247,1.22393322372453
"457","states_10_13_442","Repressive","No Known Liver Disease",0.163322926026692,0.0266743781659203,0.214643099613022,0.0460716602114858,457,0.578975839886714,1.22393322372453
"458","states_10_13_45","Repressive","No Known Liver Disease",0.235077040867918,0.0552612151432168,0.315893379588619,0.0997886272679191,458,0.553782697048711,1.22393322372453
"459","states_10_13_455","Repressive","No Known Liver Disease",0.257217509336496,0.0661608471092704,0.283779314087535,0.0805306991039917,459,0.821560570632014,1.22393322372453
"460","states_10_13_457","Repressive","No Known Liver Disease",0.363999485941125,0.132495625765403,0.434737941555626,0.188997077828023,460,0.701045895989815,1.22393322372453
"461","states_10_13_459","Repressive","No Known Liver Disease",0.175905369646234,0.0309426990703784,0.216148359631829,0.0467201133715304,461,0.662299314736547,1.22393322372453
"462","states_10_13_460","Repressive","No Known Liver Disease",0.181636898469761,0.0329919628857141,0.167508151412407,0.0280589807896019,462,1.17580760089263,1.22393322372453
"463","states_10_13_465","Repressive","No Known Liver Disease",0.275270631513339,0.0757739205737527,0.316347604337512,0.100075806770083,463,0.757165223237599,1.22393322372453
"464","states_10_13_466","Repressive","No Known Liver Disease",0.315759105020301,0.0997038124032213,0.332171670405809,0.110338018620185,464,0.903621559006148,1.22393322372453
"465","states_10_13_467","Repressive","No Known Liver Disease",0.207497404077042,0.0430551726987113,0.27096630779924,0.0734227399623527,465,0.586401062133989,1.22393322372453
"466","states_10_13_468","Repressive","No Known Liver Disease",0.215674276214933,0.0465153934208354,0.225333472991254,0.0507751740503002,466,0.916105051156598,1.22393322372453
"467","states_10_13_469","Repressive","No Known Liver Disease",0.223638180789796,0.0500140359069696,0.318857981754424,0.101670412528505,467,0.491923212104086,1.22393322372453
"468","states_10_13_472","Repressive","No Known Liver Disease",0.356503293076286,0.127094597974236,0.35265853592877,0.124368042963424,468,1.02192327663799,1.22393322372453
"469","states_10_13_473","Repressive","No Known Liver Disease",0.335128902235824,0.112311381113789,0.334283698051635,0.111745590783077,469,1.0050632004963,1.22393322372453
"470","states_10_13_476","Repressive","No Known Liver Disease",0.164116875629599,0.0269343488664213,0.172635161659405,0.0298028990411691,470,0.903749290604743,1.22393322372453
"471","states_10_13_478","Repressive","No Known Liver Disease",0.288214283643905,0.0830674732963691,0.325762021014419,0.106120894335398,471,0.782762657783789,1.22393322372453
"472","states_10_13_48","Repressive","No Known Liver Disease",0.164993163878548,0.0272227441266534,0.206929269994368,0.0428197227804022,472,0.635752460758871,1.22393322372453
"473","states_10_13_480","Repressive","No Known Liver Disease",0.240079309353862,0.0576380747798275,0.246515912490135,0.0607700951108441,473,0.948461157987266,1.22393322372453
"474","states_10_13_482","Repressive","No Known Liver Disease",0.18578909359799,0.0345175872999628,0.163200747369358,0.026634483941917,474,1.29597357227709,1.22393322372453
"475","states_10_13_483","Repressive","No Known Liver Disease",0.175102928173863,0.0306610354550609,0.186122857288448,0.034641718005216,475,0.885089921072744,1.22393322372453
"476","states_10_13_484","Repressive","No Known Liver Disease",0.140772248364778,0.0198168259096747,0.232229931686985,0.0539307411713418,476,0.367449537671201,1.22393322372453
"477","states_10_13_485","Repressive","No Known Liver Disease",0.239560821856078,0.0573893873683595,0.270749552038669,0.0733053199291401,477,0.782881616557085,1.22393322372453
"478","states_10_13_486","Repressive","No Known Liver Disease",0.151363711471815,0.0229109731505227,0.210078462028584,0.0441329602082953,478,0.5191352005936,1.22393322372453
"479","states_10_13_487","Repressive","No Known Liver Disease",0.142916240703411,0.0204250518567954,0.163356196122365,0.0266852468115687,479,0.765406143740092,1.22393322372453
"480","states_10_13_488","Repressive","No Known Liver Disease",0.217951961957602,0.0475030577211679,0.250601546528099,0.0628011351222752,480,0.756404444420924,1.22393322372453
"481","states_10_13_489","Repressive","No Known Liver Disease",0.188340311795543,0.0354720730472422,0.217789104822459,0.047432094179368,481,0.747849608180948,1.22393322372453
"482","states_10_13_49","Repressive","No Known Liver Disease",0.164471241703458,0.0270507893474772,0.170068735589742,0.0289233748250935,482,0.935257020007508,1.22393322372453
"483","states_10_13_490","Repressive","No Known Liver Disease",0.208718265014473,0.0435633141506518,0.198510892164482,0.0394065743079388,483,1.10548341021046,1.22393322372453
"484","states_10_13_491","Repressive","No Known Liver Disease",0.386931301561755,0.149715832128274,0.425972957396379,0.181452960433018,484,0.825094458481104,1.22393322372453
"485","states_10_13_492","Repressive","No Known Liver Disease",0.246010142066606,0.0605209899996317,0.323898894204745,0.104910493667057,485,0.576882139089925,1.22393322372453
"486","states_10_13_493","Repressive","No Known Liver Disease",0.323564760807809,0.104694154436615,0.311286934406199,0.096899555532009,486,1.08043998614659,1.22393322372453
"487","states_10_13_494","Repressive","No Known Liver Disease",0.221742202064396,0.0491696041763673,0.230267834778734,0.0530232757336862,487,0.92732113389836,1.22393322372453
"488","states_10_13_495","Repressive","No Known Liver Disease",0.399322640701552,0.159458571376861,0.357444648822046,0.127766676971516,488,1.2480450705657,1.22393322372453
"489","states_10_13_496","Repressive","No Known Liver Disease",0.241329710360358,0.0582400291026141,0.25555815276955,0.0653099694469846,489,0.89174791529937,1.22393322372453
"490","states_10_13_497","Repressive","No Known Liver Disease",0.237149972175458,0.0562401093028203,0.276342479605991,0.0763651660347874,490,0.736462869434483,1.22393322372453
"491","states_10_13_501","Repressive","No Known Liver Disease",0.266977018602331,0.0712767284617891,0.269538541528994,0.0726510253695774,491,0.981083585526878,1.22393322372453
"492","states_10_13_502","Repressive","No Known Liver Disease",0.204739439618379,0.041918238135248,0.212346878245194,0.0450911967004791,492,0.929632416138615,1.22393322372453
"493","states_10_13_503","Repressive","No Known Liver Disease",0.236704383293508,0.0560289650703599,0.270540637928327,0.0731922367706659,493,0.765504205670283,1.22393322372453
"494","states_10_13_504","Repressive","No Known Liver Disease",0.316735530481159,0.100321396269181,0.377786438276906,0.142722592945951,494,0.702911810936429,1.22393322372453
"495","states_10_13_505","Repressive","No Known Liver Disease",0.27882038787897,0.0777408086969796,0.297624155995369,0.0885801382319556,495,0.877632505984669,1.22393322372453
"496","states_10_13_506","Repressive","No Known Liver Disease",0.217385013711222,0.0472562441862281,0.240740783443161,0.0579561248128268,496,0.815379640009495,1.22393322372453
"497","states_10_13_507","Repressive","No Known Liver Disease",0.260558628608939,0.0678907989425709,0.278196817811714,0.0773934694405637,497,0.877216119568194,1.22393322372453
"498","states_10_13_509","Repressive","No Known Liver Disease",0.154980675086146,0.0240190096501577,0.153453908095983,0.0235481019099304,498,1.01999769416781,1.22393322372453
"499","states_10_13_51","Repressive","No Known Liver Disease",0.193717930835319,0.0375266367271174,0.221261326784079,0.0489565747302512,499,0.766529050161041,1.22393322372453
"500","states_10_13_510","Repressive","No Known Liver Disease",0.202482472721145,0.0409991517592693,0.231111084543256,0.0534123333987599,500,0.767597091353084,1.22393322372453
"501","states_10_13_511","Repressive","No Known Liver Disease",0.218154567940032,0.0475914155131019,0.279415771024375,0.0780731730971459,501,0.609574500755647,1.22393322372453
"502","states_10_13_512","Repressive","No Known Liver Disease",0.246111106376345,0.0605706766817886,0.304543536609875,0.0927467656908504,502,0.653075891440643,1.22393322372453
"503","states_10_13_513","Repressive","No Known Liver Disease",0.200676491707124,0.0402710543238796,0.230711967763099,0.0532280120691212,503,0.756576335625386,1.22393322372453
"504","states_10_13_515","Repressive","No Known Liver Disease",0.175544604884564,0.0308159083040778,0.210398069983492,0.0442673478527783,504,0.696131794625772,1.22393322372453
"505","states_10_13_516","Repressive","No Known Liver Disease",0.202130822267016,0.0408568693103402,0.232634245109368,0.0541186919976053,505,0.7549493123771,1.22393322372453
"506","states_10_13_521","Repressive","No Known Liver Disease",0.2531295040068,0.0640745457987287,0.236239547074775,0.055809123602095,506,1.14810163039943,1.22393322372453
"507","states_10_13_523","Repressive","No Known Liver Disease",0.178405822191217,0.0318286373917242,0.193731603863357,0.0375319343354685,507,0.848041486677264,1.22393322372453
"508","states_10_13_525","Repressive","No Known Liver Disease",0.291986985848886,0.0852563999051175,0.294891599745001,0.0869610556001659,508,0.98039748157053,1.22393322372453
"509","states_10_13_526","Repressive","No Known Liver Disease",0.192601993089763,0.037095527742149,0.201049473919126,0.0404208909631573,509,0.917731570438678,1.22393322372453
"510","states_10_13_528","Repressive","No Known Liver Disease",0.22033005353598,0.0485453324911678,0.2351889580251,0.0553138459769325,510,0.877634372258488,1.22393322372453
"511","states_10_13_529","Repressive","No Known Liver Disease",0.196565426189059,0.0386379667728865,0.21521612694559,0.0463179812974603,511,0.834189351317975,1.22393322372453
"512","states_10_13_530","Repressive","No Known Liver Disease",0.19187299946138,0.0368152479223067,0.227524856145097,0.0517675601638471,512,0.711164439772406,1.22393322372453
"513","states_10_13_531","Repressive","No Known Liver Disease",0.216749417215887,0.0469803098634265,0.209934591401322,0.0440725326668399,513,1.06597708415279,1.22393322372453
"514","states_10_13_532","Repressive","No Known Liver Disease",0.199657258668194,0.0398630209388982,0.225464936506254,0.0508344375937692,514,0.784173541122922,1.22393322372453
"515","states_10_13_533","Repressive","No Known Liver Disease",0.213906511759788,0.0457559957732404,0.230508598525718,0.0531342139942909,515,0.861139976177248,1.22393322372453
"516","states_10_13_534","Repressive","No Known Liver Disease",0.229873888591808,0.0528420046563192,0.250792748442799,0.062897002671493,516,0.840135497907739,1.22393322372453
"517","states_10_13_535","Repressive","No Known Liver Disease",0.231077978147326,0.053397031984656,0.21742855347692,0.0472751758670659,517,1.1294940950575,1.22393322372453
"518","states_10_13_536","Repressive","No Known Liver Disease",0.235973848411159,0.0556836571339726,0.224039357521128,0.0501936337184798,518,1.10937688724201,1.22393322372453
"519","states_10_13_537","Repressive","No Known Liver Disease",0.232768565878477,0.0541812052611228,0.215113424593543,0.0462737854403617,519,1.17088335751032,1.22393322372453
"520","states_10_13_538","Repressive","No Known Liver Disease",0.177591617113872,0.03153878246912,0.208521753994027,0.0434813218887454,520,0.725340930292265,1.22393322372453
"521","states_10_13_539","Repressive","No Known Liver Disease",0.280993479199263,0.0789573353525065,0.194915792730986,0.0379921662559489,521,2.07825304881485,1.22393322372453
"522","states_10_13_541","Repressive","No Known Liver Disease",0.208191457425418,0.0433436829449196,0.200210589176965,0.0400842800185876,522,1.08131374505968,1.22393322372453
"523","states_10_13_542","Repressive","No Known Liver Disease",0.184952490021571,0.0342074235651793,0.181797445231637,0.0330503110927502,523,1.03501063784791,1.22393322372453
"524","states_10_13_548","Repressive","No Known Liver Disease",0.188812822653261,0.035650281998292,0.211438985790055,0.044706444711927,524,0.797430487438896,1.22393322372453
"525","states_10_13_550","Repressive","No Known Liver Disease",0.218472958630855,0.0477304336529191,0.198399323703919,0.0393622916461724,525,1.21259285617738,1.22393322372453
"526","states_10_13_551","Repressive","No Known Liver Disease",0.191255481112284,0.0365786590554911,0.200739451942126,0.0402963275660249,526,0.907741753775391,1.22393322372453
"527","states_10_13_57","Repressive","No Known Liver Disease",0.177450921444634,0.0314888295215498,0.196332636056719,0.03854650398098,527,0.81690493999371,1.22393322372453
"528","states_10_13_59","Repressive","No Known Liver Disease",0.206523307703501,0.042651876624795,0.215863601239021,0.0465970943398792,528,0.915333396406484,1.22393322372453
"529","states_10_13_60","Repressive","No Known Liver Disease",0.189217486779378,0.0358032573031042,0.183831421499902,0.0337939915306745,529,1.05945630218336,1.22393322372453
"530","states_10_13_62","Repressive","No Known Liver Disease",0.254012878054718,0.064522542217641,0.282657977080821,0.0798955320074222,530,0.807586364299407,1.22393322372453
"531","states_10_13_63","Repressive","No Known Liver Disease",0.257406519380225,0.0662581162194423,0.268181049701133,0.0719210754188015,531,0.921261477718689,1.22393322372453
"532","states_10_13_68","Repressive","No Known Liver Disease",0.242322002195661,0.0587199527481138,0.216864279069936,0.0470301155365232,532,1.24856067390505,1.22393322372453
"533","states_10_13_69","Repressive","No Known Liver Disease",0.150375219161035,0.0226127065377293,0.153663923475269,0.0236126013778135,533,0.957654185403577,1.22393322372453
"534","states_10_13_70","Repressive","No Known Liver Disease",0.157431503744793,0.0247846783713466,0.180605826983595,0.0326184647404284,534,0.759835834352672,1.22393322372453
"535","states_10_13_71","Repressive","No Known Liver Disease",0.1575271680265,0.0248148086664492,0.159279008535982,0.0253698025602055,535,0.978123838668465,1.22393322372453
"536","states_10_13_76","Repressive","No Known Liver Disease",0.178900074881632,0.0320052367926535,0.174992992086687,0.0306225472794514,536,1.04515266155308,1.22393322372453
"537","states_10_13_77","Repressive","No Known Liver Disease",0.192643337353519,0.0371114554267016,0.200357690806153,0.040143204265174,537,0.924476660646081,1.22393322372453
"538","states_10_13_78","Repressive","No Known Liver Disease",0.178971851868779,0.03203092376134,0.202161860781021,0.0408694179544448,538,0.783738192627146,1.22393322372453
"539","states_10_13_79","Repressive","No Known Liver Disease",0.352708845983643,0.124403530035113,0.182565975654086,0.0333303354665283,539,3,1.22393322372453
"540","states_10_13_8","Repressive","No Known Liver Disease",0.19863612662075,0.0394563107988946,0.270104430979209,0.0729564036346021,540,0.540820391812476,1.22393322372453
"541","states_10_13_80","Repressive","No Known Liver Disease",0.182982313621525,0.0334825270982863,0.206386068303096,0.0425952091896103,541,0.786063215448492,1.22393322372453
"542","states_10_13_84","Repressive","No Known Liver Disease",0.199773128141533,0.0399093027274536,0.193346096387875,0.0373827129884296,542,1.06758711546179,1.22393322372453
"543","states_10_13_85","Repressive","No Known Liver Disease",0.170907776001258,0.0292094678976963,0.188058131206499,0.0353658607128809,543,0.825922720638259,1.22393322372453
"544","states_10_13_87","Repressive","No Known Liver Disease",0.163099526903568,0.0266014556761677,0.180924940035793,0.0327338339269552,544,0.812659333933454,1.22393322372453
"545","states_10_13_88","Repressive","No Known Liver Disease",0.157237744589783,0.0247237083236818,0.199065448325408,0.0396270527169955,545,0.623909845131586,1.22393322372453
"546","states_10_13_92","Repressive","No Known Liver Disease",0.226662864420934,0.0513760541075027,0.216457540521264,0.0468538668485144,546,1.09651684189929,1.22393322372453
"547","states_10_13_93","Repressive","No Known Liver Disease",0.155588851537645,0.0242078907228034,0.169547033850761,0.0287461966875912,547,0.842124994338925,1.22393322372453
"548","states_10_13_94","Repressive","No Known Liver Disease",0.5,0.295702669648342,0.264314871321181,0.0698623512015323,548,3,1.22393322372453
"549","states_10_13_95","Repressive","No Known Liver Disease",0.250758174802951,0.0628796622305073,0.278479968487395,0.0775510928487406,549,0.81081593979792,1.22393322372453
"550","states_10_13_96","Repressive","No Known Liver Disease",0.159699494030141,0.0255039283934829,0.181077769032565,0.0327891584378111,550,0.777815888195315,1.22393322372453
"551","states_10_13_97","Repressive","No Known Liver Disease",0.168827759993046,0.0285028125442696,0.18878809126249,0.0356409434025343,551,0.799721046167449,1.22393322372453
