"","id","Genomic Library Input (ng)","batch","seq_date","Sequencer","Read","high_qual_cov","q20_rate","q30_rate","read_gc_perc"
"1","CGLI141P",1.4095,"b_10",5,"NovaSeq6000","100bp PE",3.31063416666667,0.978177,0.939108,0.42046
"2","CGLI142P",4.2125,"b_10",5,"NovaSeq6000","100bp PE",3.0801256,0.975897,0.93479,0.429491
"3","CGLI143P",1.5575,"b_10",5,"NovaSeq6000","100bp PE",3.93559266666667,0.978298,0.939172,0.424295
"4","CGLI144P",0.771,"b_10",5,"NovaSeq6000","100bp PE",2.40282556666667,0.978605,0.940096,0.430713
"5","CGLI145P",0.2935,"b_10",5,"NovaSeq6000","100bp PE",2.51197656666667,0.963226,0.90963,0.449956
"6","CGLI148P",7.402,"b_10",5,"NovaSeq6000","100bp PE",3.76151576666667,0.976542,0.935921,0.440164
"7","CGLI146P",0.556,"b_11",5,"NovaSeq6000","100bp PE",2.20062483333333,0.954307,0.900656,0.462866
"8","CGLI147P",1.947,"b_11",5,"NovaSeq6000","100bp PE",2.46090663333333,0.976858,0.937463,0.426758
"9","CGLI149P",4.0495,"b_11",5,"NovaSeq6000","100bp PE",2.59434886666667,0.973206,0.930824,0.429249
"10","CGLI150P",9.1675,"b_11",5,"NovaSeq6000","100bp PE",3.0893856,0.969579,0.925785,0.451962
"11","CGLI151P",0.689,"b_11",5,"NovaSeq6000","100bp PE",2.57658543333333,0.97353,0.930888,0.434449
"12","CGLI153P",2.2635,"b_11",5,"NovaSeq6000","100bp PE",2.8568662,0.975222,0.934241,0.437821
"13","CGLI155P",2.487,"b_11",5,"NovaSeq6000","100bp PE",3.264887,0.96874,0.924037,0.44333
"14","CGLI152P",0.585,"b_12",5,"NovaSeq6000","100bp PE",2.3311095,0.973716,0.933695,0.434563
"15","CGLI154P",1.539,"b_12",5,"NovaSeq6000","100bp PE",3.24398853333333,0.973427,0.930633,0.441242
"16","CGLI156P",4.104,"b_12",5,"NovaSeq6000","100bp PE",2.62320486666667,0.975974,0.935531,0.444886
"17","CGLI157P",0.285,"b_12",5,"NovaSeq6000","100bp PE",2.22195403333333,0.914819,0.837517,0.549685
"18","CGLI158P",6.731,"b_12",5,"NovaSeq6000","100bp PE",2.51577813333333,0.96595,0.9203,0.45432
"19","CGLI159P",2.32,"b_12",5,"NovaSeq6000","100bp PE",2.97248196666667,0.974576,0.932671,0.427111
"20","CGLI167P",2.7735,"b_12",5,"NovaSeq6000","100bp PE",2.96840663333333,0.975406,0.935063,0.430303
"21","CGLI160P",11.755,"b_13",5,"NovaSeq6000","100bp PE",3.23402966666667,0.973209,0.931618,0.431874
"22","CGLI161P",2.016,"b_13",5,"NovaSeq6000","100bp PE",2.42701806666667,0.966683,0.919919,0.452838
"23","CGLI162P",0.6525,"b_13",5,"NovaSeq6000","100bp PE",2.7680523,0.975438,0.935333,0.445611
"24","CGLI163P",1.638,"b_13",5,"NovaSeq6000","100bp PE",3.4342776,0.975719,0.93416,0.426112
"25","CGLI164P",2.9865,"b_13",5,"NovaSeq6000","100bp PE",4.25321676666667,0.975517,0.934498,0.434401
"26","CGLI171P",5.2345,"b_13",5,"NovaSeq6000","100bp PE",3.83070463333333,0.975363,0.93427,0.433086
"27","CGLI165P",1.8575,"b_14",5,"NovaSeq6000","100bp PE",3.03507173333333,0.97725,0.939289,0.436128
"28","CGLI166P",4.76,"b_14",5,"NovaSeq6000","100bp PE",2.37255873333333,0.979309,0.943922,0.433049
"29","CGLI168P",1.219,"b_14",5,"NovaSeq6000","100bp PE",3.64844326666667,0.979089,0.94208,0.420181
"30","CGLI169P",5.4315,"b_14",5,"NovaSeq6000","100bp PE",2.80011216666667,0.974638,0.934496,0.424092
"31","CGLI178P",0.316,"b_14",5,"NovaSeq6000","100bp PE",2.00269653333333,0.945402,0.891777,0.467264
"32","CGLI183P",1.4595,"b_14",5,"NovaSeq6000","100bp PE",3.09673203333333,0.977974,0.940461,0.430839
"33","CGLI188P",1.8525,"b_14",5,"NovaSeq6000","100bp PE",2.7835562,0.970281,0.929347,0.45535
"34","CGLI170P",13.359,"b_15",5,"NovaSeq6000","100bp PE",2.71255553333333,0.978369,0.941287,0.428952
"35","CGLI172P",1.7805,"b_15",5,"NovaSeq6000","100bp PE",2.9034595,0.972858,0.933874,0.433884
"36","CGLI173P",2.5215,"b_15",5,"NovaSeq6000","100bp PE",3.38581803333333,0.977904,0.94081,0.425059
"37","CGLI184P",5.49,"b_15",5,"NovaSeq6000","100bp PE",2.93081406666667,0.978183,0.941157,0.447048
"38","CGLI185P",0.865,"b_15",5,"NovaSeq6000","100bp PE",3.09019426666667,0.959135,0.911465,0.443119
"39","CGLI186P",1.351,"b_15",5,"NovaSeq6000","100bp PE",2.96664923333333,0.969528,0.927283,0.462396
"40","CGLI174P",1.1675,"b_16",5,"NovaSeq6000","100bp PE",3.0074493,0.974297,0.93466,0.442621
"41","CGLI175P",1.529,"b_16",5,"NovaSeq6000","100bp PE",2.9676918,0.972435,0.930569,0.442603
"42","CGLI176P",1.038,"b_16",5,"NovaSeq6000","100bp PE",3.55785236666667,0.963112,0.918745,0.437614
"43","CGLI191P",3.827,"b_16",5,"NovaSeq6000","100bp PE",3.04101063333333,0.976407,0.939129,0.416538
"44","CGLI192P",1.1085,"b_16",5,"NovaSeq6000","100bp PE",3.9017582,0.973088,0.93235,0.432002
"45","CGLI193P",1.641,"b_16",5,"NovaSeq6000","100bp PE",2.74212553333333,0.943375,0.889488,0.462042
"46","CGLI180P",1.149,"b_17",5,"NovaSeq6000","100bp PE",3.74952623333333,0.965087,0.922075,0.445829
"47","CGLI181P",2.2895,"b_17",5,"NovaSeq6000","100bp PE",3.30044013333333,0.96288,0.916643,0.461265
"48","CGLI189P",0.993,"b_17",5,"NovaSeq6000","100bp PE",3.5090152,0.979473,0.943537,0.426942
"49","CGLI194P",1.4755,"b_17",5,"NovaSeq6000","100bp PE",2.73898333333333,0.976443,0.938983,0.427161
"50","CGLI195P",3.1205,"b_17",5,"NovaSeq6000","100bp PE",3.35644013333333,0.975272,0.936593,0.425403
"51","CGLI196P",1.4295,"b_17",5,"NovaSeq6000","100bp PE",3.3779772,0.977282,0.939512,0.423425
"52","CGLI197P",5.183,"b_17",5,"NovaSeq6000","100bp PE",3.3365669,0.97261,0.932058,0.44145
"53","CGLI182P",0.3265,"b_18",5,"NovaSeq6000","100bp PE",2.42242016666667,0.969793,0.929451,0.439314
"54","CGLI187P",9.2655,"b_18",5,"NovaSeq6000","100bp PE",3.08693983333333,0.979366,0.94371,0.432302
"55","CGLI190P",1.07,"b_18",5,"NovaSeq6000","100bp PE",1.48064756666667,0.952875,0.906057,0.457496
"56","CGLI198P",3.0205,"b_18",5,"NovaSeq6000","100bp PE",2.1599367,0.975283,0.938411,0.425286
"57","CGLI199P",0.835,"b_18",5,"NovaSeq6000","100bp PE",2.79128373333333,0.974602,0.936279,0.430755
"58","CGLI200P",1.22,"b_18",5,"NovaSeq6000","100bp PE",3.319734,0.976901,0.940296,0.42234
"59","CGLI100P",2.1,"b_7",3,"NovaSeq6000","100bp PE",2.3578027,0.95921,0.91439,0.429554
"60","CGLI104P",2.4,"b_5",3,"NovaSeq6000","100bp PE",2.1876404,0.969751,0.926223,0.43047
"61","CGLI105P",3.2,"b_5",3,"NovaSeq6000","100bp PE",3.04412503333333,0.973706,0.932195,0.437648
"62","CGLI107P",3.5,"b_5",3,"NovaSeq6000","100bp PE",2.7594789,0.968493,0.922787,0.43264
"63","CGLI108P",15,"b_6",3,"NovaSeq6000","100bp PE",3.09906803333333,0.976331,0.937644,0.424792
"64","CGLI109P",3.1,"b_6",3,"NovaSeq6000","100bp PE",4.9650045,0.97675,0.937142,0.429884
"65","CGLI110P",15,"b_6",3,"NovaSeq6000","100bp PE",5.07963376666667,0.973796,0.932691,0.433916
"66","CGLI111P",7.7,"b_5",3,"NovaSeq6000","100bp PE",3.85262643333333,0.972565,0.929716,0.449783
"67","CGLI112P",10.4,"b_7",3,"NovaSeq6000","100bp PE",2.36970723333333,0.965531,0.922125,0.435726
"68","CGLI114P",1.5,"b_7",3,"NovaSeq6000","100bp PE",2.7368879,0.977847,0.939397,0.418879
"69","CGLI115P",15,"b_7",3,"NovaSeq6000","100bp PE",2.5633915,0.968483,0.926609,0.427287
"70","CGLI116P",15,"b_7",3,"NovaSeq6000","100bp PE",2.43739753333333,0.976169,0.935565,0.417098
"71","CGLI63P",8.8,"b_5",3,"NovaSeq6000","100bp PE",0.426500366666667,0.973098,0.929868,0.419702
"72","CGLI64P",15,"b_5",3,"NovaSeq6000","100bp PE",3.03233356666667,0.973543,0.930068,0.426196
"73","CGLI65P",10,"b_6",3,"NovaSeq6000","100bp PE",2.72098916666667,0.97613,0.935437,0.41925
"74","CGLI66P",15,"b_5",3,"NovaSeq6000","100bp PE",3.31375923333333,0.97142,0.926296,0.416233
"75","CGLI67P",15,"b_7",3,"NovaSeq6000","100bp PE",3.15200263333333,0.975619,0.934716,0.417202
"76","CGLI68P",15,"b_5",3,"NovaSeq6000","100bp PE",2.04179726666667,0.973563,0.929867,0.416643
"77","CGLI70P",15,"b_5",3,"NovaSeq6000","100bp PE",1.5966447,0.967254,0.919056,0.410301
"78","CGLI71P",11.2,"b_5",3,"NovaSeq6000","100bp PE",2.1633549,0.972895,0.929251,0.416931
"79","CGLI74P",15,"b_5",3,"NovaSeq6000","100bp PE",1.1395491,0.974494,0.93219,0.419889
"80","CGLI75P",15,"b_6",3,"NovaSeq6000","100bp PE",2.8634132,0.970314,0.927679,0.42184
"81","CGLI76P",15,"b_6",3,"NovaSeq6000","100bp PE",2.94959786666667,0.973965,0.932185,0.420256
"82","CGLI78P",15,"b_6",3,"NovaSeq6000","100bp PE",2.3628547,0.96578,0.921392,0.426034
"83","CGLI80P",13.7,"b_6",3,"NovaSeq6000","100bp PE",1.83570966666667,0.976342,0.93515,0.41919
"84","CGLI81P",15,"b_6",3,"NovaSeq6000","100bp PE",1.7724672,0.974373,0.933052,0.428711
"85","CGLI84P",15,"b_6",3,"NovaSeq6000","100bp PE",2.30482853333333,0.974946,0.933869,0.42269
"86","CGLI85P",9.9,"b_6",3,"NovaSeq6000","100bp PE",3.56070746666667,0.977125,0.936935,0.416385
"87","CGLI87P",15,"b_6",3,"NovaSeq6000","100bp PE",2.92998273333333,0.969059,0.92521,0.419241
"88","CGLI89P",11.7,"b_7",3,"NovaSeq6000","100bp PE",2.1014323,0.973177,0.933504,0.414812
"89","CGLI90P",8.6,"b_7",3,"NovaSeq6000","100bp PE",2.35791766666667,0.974484,0.932548,0.40473
"90","CGLI91P",6.5,"b_7",3,"NovaSeq6000","100bp PE",3.0894903,0.969908,0.926213,0.421699
"91","CGLI92P",8.5,"b_7",3,"NovaSeq6000","100bp PE",2.91244893333333,0.96679,0.923812,0.425564
"92","CGLI93P",2.8,"b_7",3,"NovaSeq6000","100bp PE",3.05917553333333,0.976755,0.936552,0.414494
"93","CGLI94P",3.9,"b_7",3,"NovaSeq6000","100bp PE",3.2937401,0.967917,0.924526,0.422407
"94","CGLI97P",3,"b_5",3,"NovaSeq6000","100bp PE",0.0997425,0.960972,0.912475,0.425728
"95","CGLI98P",0.7,"b_7",3,"NovaSeq6000","100bp PE",1.6057255,0.957348,0.912425,0.451429
"96","CGPLH1000P",17.202,"a_55",1,"NovaSeq6000","100bp PE",3.27353573333333,0.970636,0.925798,0.432261
"97","CGPLH1001P",22.761,"a_55",1,"NovaSeq6000","100bp PE",3.13570143333333,0.976322,0.937173,0.417195
"98","CGPLH1002P",28.842,"a_55",1,"NovaSeq6000","100bp PE",2.45514866666667,0.97137,0.925186,0.421566
"99","CGPLH1003P",24.4455,"a_55",1,"NovaSeq6000","100bp PE",4.45608206666667,0.967646,0.923048,0.432996
"100","CGPLH1004P",6.2425,"a_58",1,"NovaSeq6000","100bp PE",2.79841126666667,0.967487,0.924019,0.427016
"101","CGPLH1005P",8.5745,"a_58",1,"NovaSeq6000","100bp PE",2.52919466666667,0.966565,0.918402,0.434857
"102","CGPLH1006P",13.2155,"a_65",1,"NovaSeq6000","100bp PE",2.7621114,0.96712,0.921817,0.431204
"103","CGPLH1007P",19.13,"a_65",1,"NovaSeq6000","100bp PE",2.35678443333333,0.968645,0.925341,0.44325
"104","CGPLH1010P",19.1175,"a_65",1,"NovaSeq6000","100bp PE",2.7491598,0.962684,0.915159,0.424302
"105","CGPLH1011P",8.678,"a_65",1,"NovaSeq6000","100bp PE",3.0974932,0.974617,0.935472,0.422422
"106","CGPLH1013P",43.185,"a_63",1,"NovaSeq6000","100bp PE",2.69587923333333,0.967056,0.914155,0.416859
"107","CGPLH1014P",34.334,"a_63",1,"NovaSeq6000","100bp PE",2.8541109,0.970185,0.923866,0.421397
"108","CGPLH1015P",8.4725,"a_63",1,"NovaSeq6000","100bp PE",3.04946753333333,0.966164,0.920406,0.431032
"109","CGPLH1016P",50.9355,"a_64",1,"NovaSeq6000","100bp PE",2.9702422,0.974106,0.932436,0.422774
"110","CGPLH1017P",22.7135,"a_64",1,"NovaSeq6000","100bp PE",3.05066926666667,0.973936,0.933758,0.426063
"111","CGPLH1018P",22.2825,"a_64",1,"NovaSeq6000","100bp PE",2.8467655,0.968984,0.925067,0.424837
"112","CGPLH1027P",43.8885,"a_70",1,"NovaSeq6000","100bp PE",2.98325733333333,0.976046,0.935109,0.421258
"113","CGPLH1028P",26.7965,"a_70",1,"NovaSeq6000","100bp PE",3.66256963333333,0.967262,0.913579,0.421442
"114","CGPLH805P",19.46,"a_26",2,"NovaSeq6000","100bp PE",2.81712786666667,0.975067,0.937361,0.418403
"115","CGPLH806P",59.551,"a_26",2,"NovaSeq6000","100bp PE",2.04743823333333,0.975527,0.937424,0.414451
"116","CGPLH807P",80.893,"a_26",2,"NovaSeq6000","100bp PE",2.037359,0.976621,0.940086,0.417457
"117","CGPLH808P",9.4745,"a_26",2,"NovaSeq6000","100bp PE",2.44458883333333,0.96595,0.92659,0.418671
"118","CGPLH809P",13.3735,"a_26",2,"NovaSeq6000","100bp PE",2.93286986666667,0.969606,0.929711,0.421254
"119","CGPLH811P",17.7295,"a_26",2,"NovaSeq6000","100bp PE",2.76525156666667,0.972632,0.935196,0.42157
"120","CGPLH812P",55.16,"a_26",2,"NovaSeq6000","100bp PE",3.74016603333333,0.973381,0.936052,0.419506
"121","CGPLH813P",35.4115,"a_26",2,"NovaSeq6000","100bp PE",7.7452739,0.974557,0.937424,0.417531
"122","CGPLH815P",26.3565,"a_26",2,"NovaSeq6000","100bp PE",2.2613402,0.973142,0.9351,0.417759
"123","CGPLH816P",9.288,"a_27",3,"NovaSeq6000","100bp PE",3.16264303333333,0.967026,0.922391,0.425239
"124","CGPLH817P",24.08,"a_27",3,"NovaSeq6000","100bp PE",3.1790269,0.969057,0.923893,0.415307
"125","CGPLH818P",19.002,"a_27",3,"NovaSeq6000","100bp PE",2.7253836,0.972589,0.929195,0.420294
"126","CGPLH819P",8.1585,"a_27",3,"NovaSeq6000","100bp PE",3.68723233333333,0.968612,0.925082,0.418173
"127","CGPLH821P",61.421,"a_27",3,"NovaSeq6000","100bp PE",4.6247089,0.976404,0.934562,0.41502
"128","CGPLH822P",14.2265,"a_27",3,"NovaSeq6000","100bp PE",3.5871477,0.963589,0.918489,0.422509
"129","CGPLH823P",11.4305,"a_27",3,"NovaSeq6000","100bp PE",3.15568336666667,0.963855,0.91897,0.423401
"130","CGPLH824P",54.3155,"a_27",3,"NovaSeq6000","100bp PE",3.00966156666667,0.975811,0.933741,0.413141
"131","CGPLH825P",14.6725,"a_27",3,"NovaSeq6000","100bp PE",2.28756456666667,0.969014,0.924546,0.419395
"132","CGPLH826P",12.722,"a_30",1,"NovaSeq6000","100bp PE",4.2241592,0.971423,0.926714,0.425087
"133","CGPLH827P",14.991,"a_31",3,"NovaSeq6000","100bp PE",3.81693243333333,0.97306,0.932219,0.41922
"134","CGPLH828P",8.84,"a_31",3,"NovaSeq6000","100bp PE",3.42156863333333,0.965126,0.922481,0.423078
"135","CGPLH829P",2.737,"a_30",1,"NovaSeq6000","100bp PE",2.5767303,0.966694,0.919414,0.414417
"136","CGPLH830P",27.839,"a_33",3,"NovaSeq6000","100bp PE",3.3132648,0.970428,0.92492,0.417755
"137","CGPLH831P",47.6685,"a_32",1,"NovaSeq6000","100bp PE",3.5024267,0.967974,0.919987,0.423961
"138","CGPLH832P",20.584,"a_32",1,"NovaSeq6000","100bp PE",2.75681363333333,0.963993,0.915224,0.418738
"139","CGPLH833P",37.1775,"a_33",3,"NovaSeq6000","100bp PE",2.6615809,0.976133,0.936103,0.416471
"140","CGPLH834P",17.3715,"a_32",1,"NovaSeq6000","100bp PE",2.49969223333333,0.969583,0.923982,0.426693
"141","CGPLH835P",20.4925,"a_31",3,"NovaSeq6000","100bp PE",2.96701793333333,0.975495,0.934968,0.413668
"142","CGPLH836P",15.4705,"a_31",3,"NovaSeq6000","100bp PE",4.3753287,0.973539,0.932042,0.417336
"143","CGPLH837P",29.291,"a_32",1,"NovaSeq6000","100bp PE",3.37623663333333,0.971943,0.928236,0.415685
"144","CGPLH838P",16.2095,"a_32",1,"NovaSeq6000","100bp PE",2.87952513333333,0.971024,0.928311,0.43126
"145","CGPLH839P",12.611,"a_32",1,"NovaSeq6000","100bp PE",3.17762346666667,0.974796,0.934038,0.422328
"146","CGPLH840P",8.4495,"a_32",1,"NovaSeq6000","100bp PE",2.96645683333333,0.963687,0.915101,0.44568
"147","CGPLH841P",10.107,"a_30",1,"NovaSeq6000","100bp PE",2.78989143333333,0.976461,0.937118,0.421962
"148","CGPLH843P",57.4995,"a_30",1,"NovaSeq6000","100bp PE",3.4739196,0.971712,0.927041,0.412142
"149","CGPLH844P",11.654,"a_30",1,"NovaSeq6000","100bp PE",2.72612366666667,0.964463,0.914232,0.423079
"150","CGPLH845P",8.5195,"a_30",1,"NovaSeq6000","100bp PE",3.3313758,0.970463,0.925826,0.428442
"151","CGPLH846P",12.5575,"a_30",1,"NovaSeq6000","100bp PE",3.31251116666667,0.966754,0.920082,0.421188
"152","CGPLH847P",15.8515,"a_30",1,"NovaSeq6000","100bp PE",3.15212796666667,0.966781,0.922615,0.433687
"153","CGPLH848P",29.369,"a_30",1,"NovaSeq6000","100bp PE",2.98005273333333,0.973593,0.932454,0.423851
"154","CGPLH849P",7.2245,"a_30",1,"NovaSeq6000","100bp PE",2.75076393333333,0.957508,0.907262,0.433692
"155","CGPLH851P",11.8595,"a_32",1,"NovaSeq6000","100bp PE",3.1367831,0.971009,0.930519,0.425587
"156","CGPLH853P",11.5395,"a_32",1,"NovaSeq6000","100bp PE",2.78092956666667,0.9594,0.911392,0.430047
"157","CGPLH857P",38.964,"a_32",1,"NovaSeq6000","100bp PE",3.2290014,0.966785,0.912597,0.419763
"158","CGPLH861P",19.4375,"a_33",3,"NovaSeq6000","100bp PE",3.28578103333333,0.973005,0.932673,0.422456
"159","CGPLH863P",19.257,"a_33",3,"NovaSeq6000","100bp PE",3.02053766666667,0.972206,0.93064,0.421631
"160","CGPLH864P",25.308,"a_39",3,"NovaSeq6000","100bp PE",2.64370666666667,0.971883,0.928679,0.423213
"161","CGPLH868P",23.1765,"a_39",3,"NovaSeq6000","100bp PE",3.16282333333333,0.975487,0.934872,0.415071
"162","CGPLH870P",44.163,"a_39",3,"NovaSeq6000","100bp PE",2.66951993333333,0.975847,0.933833,0.419187
"163","CGPLH871P",21.422,"a_39",3,"NovaSeq6000","100bp PE",2.66671546666667,0.975276,0.935808,0.423724
"164","CGPLH873P",18.8635,"a_39",3,"NovaSeq6000","100bp PE",3.3066499,0.974825,0.933972,0.420414
"165","CGPLH875P",35.2085,"a_56",2,"NovaSeq6000","100bp PE",2.52106993333333,0.975299,0.938335,0.413553
"166","CGPLH876P",20.9215,"a_56",2,"NovaSeq6000","100bp PE",2.63941996666667,0.976555,0.939559,0.422579
"167","CGPLH877P",31.282,"a_57",3,"NovaSeq6000","100bp PE",3.96820886666667,0.97621,0.93605,0.418548
"168","CGPLH878P",37.396,"a_56",2,"NovaSeq6000","100bp PE",3.04386033333333,0.976818,0.939715,0.411738
"169","CGPLH880P",22.95,"a_56",2,"NovaSeq6000","100bp PE",2.7979403,0.97396,0.934352,0.419852
"170","CGPLH881P",34.881,"a_56",2,"NovaSeq6000","100bp PE",3.9876578,0.976338,0.939438,0.410956
"171","CGPLH882P",16.045,"a_57",3,"NovaSeq6000","100bp PE",3.0407679,0.974553,0.934357,0.417023
"172","CGPLH883P",53.2895,"a_57",3,"NovaSeq6000","100bp PE",3.310575,0.977256,0.937826,0.41374
"173","CGPLH884P",9.171,"a_39",2,"NovaSeq6000","100bp PE",4.01851906666667,0.977826,0.94234,0.42932
"174","CGPLH886P",17.956,"a_39",2,"NovaSeq6000","100bp PE",2.83360946666667,0.975606,0.938002,0.419248
"175","CGPLH887P",29.9265,"a_40",2,"NovaSeq6000","100bp PE",3.34267406666667,0.972583,0.933571,0.420694
"176","CGPLH888P",29.4835,"a_40",2,"NovaSeq6000","100bp PE",3.52692853333333,0.97531,0.936542,0.420727
"177","CGPLH889P",35.141,"a_67",2,"NovaSeq6000","100bp PE",2.3261327,0.974229,0.937041,0.424033
"178","CGPLH890P",13.029,"a_67",2,"NovaSeq6000","100bp PE",2.53461656666667,0.972656,0.933333,0.423994
"179","CGPLH891P",17.846,"a_67",2,"NovaSeq6000","100bp PE",3.33506776666667,0.975505,0.938114,0.41796
"180","CGPLH892P",19.405,"a_67",2,"NovaSeq6000","100bp PE",2.6250937,0.972927,0.935093,0.42678
"181","CGPLH893P",24.576,"a_67",2,"NovaSeq6000","100bp PE",3.21397156666667,0.975207,0.937685,0.419628
"182","CGPLH894P",14.672,"a_71",2,"NovaSeq6000","100bp PE",3.93346903333333,0.967205,0.926381,0.424089
"183","CGPLH895P",114.8615,"a_71",2,"NovaSeq6000","100bp PE",3.69573003333333,0.977107,0.94063,0.415433
"184","CGPLH899P",23.9655,"a_71",2,"NovaSeq6000","100bp PE",3.40549923333333,0.973654,0.935376,0.42879
"185","CGPLH900P",8.001,"a_38",2,"NovaSeq6000","100bp PE",2.8494302,0.972952,0.933524,0.433957
"186","CGPLH902P",32.5165,"a_72",2,"NovaSeq6000","100bp PE",2.60546146666667,0.976703,0.940074,0.412189
"187","CGPLH904P",40.6905,"a_72",3,"NovaSeq6000","100bp PE",2.8764342,0.974005,0.931177,0.408863
"188","CGPLH905P",87.0465,"a_72",3,"NovaSeq6000","100bp PE",2.01533436666667,0.974988,0.932051,0.420675
"189","CGPLH906P",13.482,"a_72",3,"NovaSeq6000","100bp PE",3.66163156666667,0.972989,0.931504,0.427121
"190","CGPLH907P",17.651,"a_72",3,"NovaSeq6000","100bp PE",2.57868043333333,0.97173,0.931726,0.422488
"191","CGPLH908P",48.2065,"a_73",2,"NovaSeq6000","100bp PE",2.7838094,0.975761,0.937072,0.412367
"192","CGPLH909P",17.4635,"a_73",2,"NovaSeq6000","100bp PE",3.07293106666667,0.975466,0.937405,0.425602
"193","CGPLH910P",18.0795,"a_73",3,"NovaSeq6000","100bp PE",2.30658473333333,0.97266,0.929662,0.417686
"194","CGPLH911P",25.83,"a_73",3,"NovaSeq6000","100bp PE",2.75503866666667,0.972605,0.931503,0.415327
"195","CGPLH912P",10.1355,"a_37",2,"NovaSeq6000","100bp PE",2.94127333333333,0.966121,0.923916,0.432065
"196","CGPLH914P",19.1605,"a_74",2,"NovaSeq6000","100bp PE",2.93145093333333,0.975622,0.936608,0.41751
"197","CGPLH915P",21.003,"a_74",2,"NovaSeq6000","100bp PE",3.7101856,0.976491,0.937664,0.414417
"198","CGPLH916P",6.81,"a_38",2,"NovaSeq6000","100bp PE",4.3778841,0.974502,0.936223,0.438362
"199","CGPLH917P",32.786,"a_75",3,"NovaSeq6000","100bp PE",2.36386183333333,0.975209,0.9353,0.421638
"200","CGPLH918P",73.1315,"a_75",3,"NovaSeq6000","100bp PE",2.8562583,0.977088,0.937805,0.41381
"201","CGPLH919P",65.3765,"a_75",3,"NovaSeq6000","100bp PE",2.7543339,0.975731,0.935683,0.416432
"202","CGPLH921P",15.9715,"a_75",3,"NovaSeq6000","100bp PE",2.95781383333333,0.974802,0.933526,0.415505
"203","CGPLH924P",26.9515,"a_37",2,"NovaSeq6000","100bp PE",2.71078506666667,0.975308,0.936625,0.420485
"204","CGPLH925P",16.041,"a_37",2,"NovaSeq6000","100bp PE",4.1932577,0.9722,0.932074,0.418923
"205","CGPLH927P",44.074,"a_37",2,"NovaSeq6000","100bp PE",3.77493606666667,0.975978,0.936319,0.408267
"206","CGPLH928P",7.7675,"a_38",2,"NovaSeq6000","100bp PE",8.23701373333333,0.976834,0.939965,0.426131
"207","CGPLH929P",4.335,"a_42",3,"NovaSeq6000","100bp PE",2.7050606,0.977203,0.937556,0.414045
"208","CGPLH930P",8.902,"a_42",3,"NovaSeq6000","100bp PE",2.8538217,0.964815,0.919498,0.427129
"209","CGPLH936P",16.872,"a_42",3,"NovaSeq6000","100bp PE",3.38282216666667,0.974501,0.933938,0.413869
"210","CGPLH937P",23.3145,"a_42",3,"NovaSeq6000","100bp PE",4.54304413333333,0.97427,0.932518,0.423466
"211","CGPLH938P",26.793,"a_42",3,"NovaSeq6000","100bp PE",3.24834603333333,0.972994,0.929751,0.417792
"212","CGPLH939P",11.332,"a_42",3,"NovaSeq6000","100bp PE",2.87917913333333,0.974281,0.933404,0.415802
"213","CGPLH940P",8.231,"a_42",3,"NovaSeq6000","100bp PE",4.20405646666667,0.971622,0.93058,0.416697
"214","CGPLH941P",20.7635,"a_43",3,"NovaSeq6000","100bp PE",4.5540111,0.974356,0.9346,0.419849
"215","CGPLH943P",8.934,"a_43",3,"NovaSeq6000","100bp PE",2.75592533333333,0.970676,0.926016,0.423134
"216","CGPLH944P",4.16,"a_43",3,"NovaSeq6000","100bp PE",2.78735746666667,0.974713,0.934049,0.412171
"217","CGPLH945P",35.793,"a_43",3,"NovaSeq6000","100bp PE",3.10325943333333,0.975607,0.934457,0.419739
"218","CGPLH946P",11.717,"a_43",3,"NovaSeq6000","100bp PE",4.05190716666667,0.976726,0.936705,0.41503
"219","CGPLH947P",9.9115,"a_43",3,"NovaSeq6000","100bp PE",1.7090691,0.975886,0.934108,0.423078
"220","CGPLH948P",19.3035,"a_43",3,"NovaSeq6000","100bp PE",2.23484126666667,0.976636,0.937052,0.421282
"221","CGPLH949P",15.7045,"a_44",1,"NovaSeq6000","100bp PE",3.1283358,0.97103,0.92723,0.420858
"222","CGPLH950P",7.156,"a_44",1,"NovaSeq6000","100bp PE",2.44474976666667,0.968637,0.922955,0.430819
"223","CGPLH951P",6.2215,"a_44",1,"NovaSeq6000","100bp PE",2.39985463333333,0.963353,0.914624,0.423031
"224","CGPLH952P",23.008,"a_44",1,"NovaSeq6000","100bp PE",2.0359213,0.97114,0.925318,0.416754
"225","CGPLH953P",6.1525,"a_44",1,"NovaSeq6000","100bp PE",2.86426176666667,0.970819,0.926332,0.430091
"226","CGPLH954P",14.8255,"a_46",1,"NovaSeq6000","100bp PE",3.02595756666667,0.974493,0.932252,0.415303
"227","CGPLH955P",27.5555,"a_46",1,"NovaSeq6000","100bp PE",2.66812026666667,0.957335,0.904803,0.438012
"228","CGPLH956P",18.0905,"a_46",1,"NovaSeq6000","100bp PE",2.94398286666667,0.972611,0.930867,0.420392
"229","CGPLH957P",14.897,"a_46",1,"NovaSeq6000","100bp PE",3.21623093333333,0.957021,0.901941,0.446392
"230","CGPLH958P",37.8385,"a_46",1,"NovaSeq6000","100bp PE",2.40995266666667,0.967665,0.92137,0.417093
"231","CGPLH959P",47.051,"a_47",1,"NovaSeq6000","100bp PE",3.24734183333333,0.97646,0.936001,0.416153
"232","CGPLH960P",18.103,"a_47",1,"NovaSeq6000","100bp PE",2.96413343333333,0.958219,0.907202,0.434137
"233","CGPLH961P",19.2555,"a_47",1,"NovaSeq6000","100bp PE",2.8404702,0.968974,0.923049,0.425502
"234","CGPLH962P",25.9955,"a_47",1,"NovaSeq6000","100bp PE",3.1381185,0.965275,0.918672,0.419637
"235","CGPLH963P",14.0235,"a_47",1,"NovaSeq6000","100bp PE",3.04220076666667,0.970409,0.924147,0.44324
"236","CGPLH967P",15.4275,"a_49",1,"NovaSeq6000","100bp PE",2.73913296666667,0.965687,0.918071,0.425775
"237","CGPLH968P",12.2105,"a_49",1,"NovaSeq6000","100bp PE",3.61378466666667,0.971227,0.928865,0.429783
"238","CGPLH969P",25.0905,"a_49",1,"NovaSeq6000","100bp PE",2.57471116666667,0.967395,0.919046,0.421362
"239","CGPLH971P",21.6055,"a_50",3,"NovaSeq6000","100bp PE",2.44678936666667,0.973193,0.929794,0.416756
"240","CGPLH973P",4.7985,"a_51",2,"NovaSeq6000","100bp PE",3.27347136666667,0.975598,0.937411,0.41415
"241","CGPLH974P",28.06,"a_51",2,"NovaSeq6000","100bp PE",2.64827886666667,0.976622,0.941113,0.415474
"242","CGPLH975P",72.1565,"a_51",2,"NovaSeq6000","100bp PE",2.7763633,0.976465,0.939254,0.406977
"243","CGPLH976P",7.009,"a_52",2,"NovaSeq6000","100bp PE",2.2434316,0.971823,0.933749,0.431795
"244","CGPLH977P",11.1245,"a_52",2,"NovaSeq6000","100bp PE",2.3050007,0.971563,0.93318,0.42837
"245","CGPLH978P",7.0015,"a_52",2,"NovaSeq6000","100bp PE",2.57240483333333,0.97103,0.93081,0.417666
"246","CGPLH979P",11.868,"a_54",2,"NovaSeq6000","100bp PE",3.57072326666667,0.963358,0.920232,0.423181
"247","CGPLH980P",13.7815,"a_54",2,"NovaSeq6000","100bp PE",3.79946376666667,0.970685,0.929774,0.416896
"248","CGPLH981P",17.423,"a_54",2,"NovaSeq6000","100bp PE",2.74906543333333,0.972524,0.934158,0.423287
"249","CGPLH982P",34.675,"a_57",2,"NovaSeq6000","100bp PE",3.6007105,0.977877,0.941109,0.41428
"250","CGPLH983P",19.304,"a_57",2,"NovaSeq6000","100bp PE",3.10134436666667,0.974345,0.935033,0.414952
"251","CGPLH984P",12.3645,"a_57",2,"NovaSeq6000","100bp PE",3.1530599,0.974488,0.935918,0.417593
"252","CGPLH985P",36.1125,"a_59",2,"NovaSeq6000","100bp PE",3.3589085,0.973843,0.934666,0.420412
"253","CGPLH986P",28.5285,"a_59",2,"NovaSeq6000","100bp PE",2.5339999,0.975172,0.93621,0.416904
"254","CGPLH987P",56.4425,"a_59",2,"NovaSeq6000","100bp PE",2.34791403333333,0.975593,0.938129,0.424004
"255","CGPLH988P",17.273,"a_60",2,"NovaSeq6000","100bp PE",2.8056456,0.972641,0.932773,0.421077
"256","CGPLH989P",12.931,"a_60",2,"NovaSeq6000","100bp PE",2.35368066666667,0.975007,0.937288,0.414351
"257","CGPLH990P",22.4775,"a_60",2,"NovaSeq6000","100bp PE",2.41837573333333,0.976463,0.940227,0.425355
"258","CGPLH547P_1",10.6915,"a_54",2,"NovaSeq6000","100bp PE",2.88681273333333,0.965925,0.924906,0.424293
"259","CGPLH551P_1",13.233,"a_57",2,"NovaSeq6000","100bp PE",3.0224422,0.972268,0.934286,0.419645
"260","CGPLH571P_1",45.3155,"a_24",2,"NovaSeq6000","100bp PE",3.10710853333333,0.975206,0.93511,0.415018
"261","CGPLH572P_1",23.703,"a_24",3,"NovaSeq6000","100bp PE",3.90446326666667,0.973611,0.930903,0.410711
"262","CGPLH573P_1",13.0485,"a_24",2,"NovaSeq6000","100bp PE",2.3925733,0.974273,0.934604,0.419724
"263","CGPLH574P_1",37.131,"a_24",2,"NovaSeq6000","100bp PE",3.51448816666667,0.975971,0.937669,0.415056
"264","CGPLH575P_1",72.909,"a_24",2,"NovaSeq6000","100bp PE",2.56022623333333,0.972617,0.930437,0.413141
"265","CGPLH576P_1",18.098,"a_24",2,"NovaSeq6000","100bp PE",2.73905936666667,0.97479,0.935191,0.414289
"266","CGPLH577P_1",125,"a_24",2,"NovaSeq6000","100bp PE",3.76873416666667,0.974087,0.934422,0.41534
"267","CGPLH578P_1",30.991,"a_24",2,"NovaSeq6000","100bp PE",2.5259272,0.973676,0.934516,0.418154
"268","CGPLH579P_1",29.1795,"a_24",2,"NovaSeq6000","100bp PE",2.90161733333333,0.974652,0.935679,0.417781
"269","CGPLH580P_1",57.7355,"a_24",2,"NovaSeq6000","100bp PE",3.95109603333333,0.974885,0.935446,0.416259
"270","CGPLH581P_1",20.0735,"a_25",2,"NovaSeq6000","100bp PE",3.24981866666667,0.978328,0.940885,0.416498
"271","CGPLH582P_1",74.811,"a_25",2,"NovaSeq6000","100bp PE",2.22549763333333,0.978347,0.941461,0.411571
"272","CGPLH583P_1",21.435,"a_25",2,"NovaSeq6000","100bp PE",2.2853109,0.977768,0.940544,0.421475
"273","CGPLH584P_1",32.8215,"a_25",2,"NovaSeq6000","100bp PE",2.84330963333333,0.975188,0.937774,0.417129
"274","CGPLH585P_1",33.918,"a_25",2,"NovaSeq6000","100bp PE",2.7012698,0.977996,0.940941,0.427803
"275","CGPLH586P_1",21.89,"a_25",2,"NovaSeq6000","100bp PE",2.0633423,0.977953,0.941209,0.423473
"276","CGPLH587P_1",24.7065,"a_25",2,"NovaSeq6000","100bp PE",2.60206426666667,0.974214,0.934614,0.42135
"277","CGPLH588P_1",10.798,"a_25",2,"NovaSeq6000","100bp PE",2.62728453333333,0.965956,0.925454,0.42429
"278","CGPLH589P_1",38.123,"a_25",2,"NovaSeq6000","100bp PE",2.669742,0.97616,0.937891,0.418621
"279","CGPLH590P_1",20.8505,"a_25",2,"NovaSeq6000","100bp PE",2.26734276666667,0.974699,0.93548,0.418024
"280","CGPLH591P_1",16.1375,"a_26",3,"NovaSeq6000","100bp PE",2.4642786,0.970374,0.927283,0.421974
"281","CGPLH592P_1",23.6685,"a_26",3,"NovaSeq6000","100bp PE",2.56467293333333,0.970391,0.926631,0.412085
"282","CGPLH593P_1",35.8335,"a_26",3,"NovaSeq6000","100bp PE",5.27593346666667,0.973911,0.932709,0.420701
"283","CGPLH594P_1",45.3475,"a_26",3,"NovaSeq6000","100bp PE",5.63368216666667,0.971477,0.929939,0.418986
"284","CGPLH596P_1",24.341,"a_26",3,"NovaSeq6000","100bp PE",2.79119083333333,0.974905,0.934908,0.418735
"285","CGPLH597P_1",16.5255,"a_26",3,"NovaSeq6000","100bp PE",3.4813915,0.97343,0.932672,0.416727
"286","CGPLH598P_1",10.574,"a_26",3,"NovaSeq6000","100bp PE",3.7720095,0.968263,0.926601,0.419354
"287","CGPLH599P_1",26.2115,"a_26",3,"NovaSeq6000","100bp PE",3.66023503333333,0.976437,0.936933,0.414137
"288","CGPLH601P_1",26.454,"a_28",3,"NovaSeq6000","100bp PE",3.44673773333333,0.973568,0.93154,0.415676
"289","CGPLH602P_1",34.301,"a_28",2,"NovaSeq6000","100bp PE",2.34530563333333,0.963131,0.920146,0.421763
"290","CGPLH603P_1",32.3715,"a_28",3,"NovaSeq6000","100bp PE",2.6339709,0.976531,0.936374,0.414501
"291","CGPLH606P_1",33.796,"a_28",3,"NovaSeq6000","100bp PE",3.22841203333333,0.977291,0.938084,0.412622
"292","CGPLH607P_1",9.0285,"a_28",3,"NovaSeq6000","100bp PE",3.06189086666667,0.958979,0.915265,0.428436
"293","CGPLH610P_1",48.9915,"a_28",3,"NovaSeq6000","100bp PE",3.11440276666667,0.976862,0.937773,0.415271
"294","CGPLH612P_1",12.2335,"a_28",3,"NovaSeq6000","100bp PE",3.23369296666667,0.968979,0.927009,0.420535
"295","CGPLH616P_1",19.0195,"a_29",3,"NovaSeq6000","100bp PE",2.505239,0.974473,0.933924,0.416702
"296","CGPLH616P_2",25.893,"a_57",2,"NovaSeq6000","100bp PE",3.26704763333333,0.975453,0.938494,0.413482
"297","CGPLH621P_1",22.7595,"a_29",3,"NovaSeq6000","100bp PE",3.74237496666667,0.970148,0.925405,0.413923
"298","CGPLH624P_1",11.682,"a_34",3,"NovaSeq6000","100bp PE",3.42435913333333,0.968911,0.92715,0.428334
"299","CGPLH628P_1",17.1705,"a_34",3,"NovaSeq6000","100bp PE",3.0522127,0.962028,0.917211,0.423759
"300","CGPLH630P_1",83.1515,"a_34",3,"NovaSeq6000","100bp PE",3.0313464,0.976755,0.937225,0.417289
"301","CGPLH631P_1",12.13,"a_34",3,"NovaSeq6000","100bp PE",2.91368916666667,0.966046,0.921365,0.428364
"302","CGPLH641P_1",33.289,"a_35",3,"NovaSeq6000","100bp PE",3.01841593333333,0.972614,0.931852,0.41601
"303","CGPLH641P_2",24.432,"a_58",1,"NovaSeq6000","100bp PE",3.05752166666667,0.971679,0.92793,0.419732
"304","CGPLH645P_1",22.401,"a_35",3,"NovaSeq6000","100bp PE",2.84242213333333,0.972831,0.931033,0.418686
"305","CGPLH647P_1",14.3685,"a_35",2,"NovaSeq6000","100bp PE",3.3791115,0.971658,0.93242,0.420369
"306","CGPLH662P_1",74.1955,"a_36",2,"NovaSeq6000","100bp PE",5.16897916666667,0.975994,0.937886,0.413478
"307","CGPLH663P_1",49.073,"a_36",2,"NovaSeq6000","100bp PE",6.95477546666667,0.975771,0.937019,0.422269
"308","CGPLH664P_1",95.206,"a_36",2,"NovaSeq6000","100bp PE",3.63906066666667,0.974921,0.934966,0.41216
"309","CGPLH665P_1",35.291,"a_36",2,"NovaSeq6000","100bp PE",3.35917086666667,0.975641,0.936226,0.4157
"310","CGPLH666P_1",20.0015,"a_36",2,"NovaSeq6000","100bp PE",4.97914193333333,0.977686,0.940118,0.416574
"311","CGPLH667P_1",11.1745,"a_36",2,"NovaSeq6000","100bp PE",3.63762593333333,0.973723,0.93527,0.420163
"312","CGPLH668P_1",33.683,"a_36",2,"NovaSeq6000","100bp PE",3.1557814,0.973165,0.933597,0.420984
"313","CGPLH669P_1",50.156,"a_36",2,"NovaSeq6000","100bp PE",2.31357013333333,0.976715,0.938321,0.421227
"314","CGPLH670P_1",27.3925,"a_36",2,"NovaSeq6000","100bp PE",3.45419103333333,0.974394,0.935205,0.423264
"315","CGPLH671P_1",19.4235,"a_36",2,"NovaSeq6000","100bp PE",2.8162721,0.975017,0.936662,0.424698
"316","CGPLH672P_1",10.7785,"a_37",3,"NovaSeq6000","100bp PE",4.21407176666667,0.976306,0.936594,0.425586
"317","CGPLH673P_1",125,"a_37",3,"NovaSeq6000","100bp PE",2.84675263333333,0.975645,0.934002,0.419913
"318","CGPLH677P_1",10.438,"a_56",2,"NovaSeq6000","100bp PE",4.17193046666667,0.97379,0.935954,0.42216
"319","CGPLH678P_1",12.1455,"a_56",2,"NovaSeq6000","100bp PE",3.66353373333333,0.97414,0.936883,0.417266
"320","CGPLH679P_1",27.729,"a_56",2,"NovaSeq6000","100bp PE",2.62523173333333,0.976067,0.93938,0.424531
"321","CGPLH680P_1",45.217,"a_56",2,"NovaSeq6000","100bp PE",3.3896182,0.97606,0.937996,0.427411
"322","CGPLH681P_1",76.176,"a_56",2,"NovaSeq6000","100bp PE",2.53823803333333,0.976838,0.9409,0.416952
"323","CGPLH683P_1",140.848,"a_32",3,"NovaSeq6000","100bp PE",3.10894783333333,0.975169,0.933592,0.408285
"324","CGPLH686P_1",110.243,"a_67",2,"NovaSeq6000","100bp PE",2.8510839,0.976196,0.938212,0.417901
"325","CGPLH687P_1",96.1285,"a_67",2,"NovaSeq6000","100bp PE",2.65233713333333,0.976194,0.939585,0.414874
"326","CGPLH689P_1",65.8465,"a_71",3,"NovaSeq6000","100bp PE",3.30719773333333,0.974044,0.932152,0.41466
"327","CGPLH690P_1",69.6735,"a_71",2,"NovaSeq6000","100bp PE",2.67501223333333,0.973847,0.934889,0.421723
"328","CGPLH691P_1",32.6615,"a_71",2,"NovaSeq6000","100bp PE",2.5390878,0.975294,0.936085,0.416191
"329","CGPLH692P_1",54.2075,"a_71",2,"NovaSeq6000","100bp PE",3.45618023333333,0.976252,0.937783,0.417679
"330","CGPLH693P_1",20.345,"a_72",3,"NovaSeq6000","100bp PE",2.44714726666667,0.973557,0.933422,0.425441
"331","CGPLH694P_1",32.7375,"a_72",3,"NovaSeq6000","100bp PE",5.29942963333333,0.973925,0.932004,0.422278
"332","CGPLH695P_1",28.1795,"a_72",3,"NovaSeq6000","100bp PE",2.40080516666667,0.973523,0.929739,0.424548
"333","CGPLH696P_1",18.62,"a_72",3,"NovaSeq6000","100bp PE",3.22930856666667,0.967337,0.922277,0.423169
"334","CGPLH697P_1",13.5655,"a_72",3,"NovaSeq6000","100bp PE",2.01430783333333,0.973708,0.93026,0.422678
"335","CGPLH700P_1",14.8525,"a_72",3,"NovaSeq6000","100bp PE",3.51595026666667,0.969797,0.928435,0.42343
"336","CGPLH701P_1",46.824,"a_72",3,"NovaSeq6000","100bp PE",3.02835073333333,0.973726,0.930337,0.412247
"337","CGPLH702P_1",34.1355,"a_72",3,"NovaSeq6000","100bp PE",2.7782666,0.972128,0.929657,0.42453
"338","CGPLH704P_1",370.857,"a_74",2,"NovaSeq6000","100bp PE",3.5249795,0.972019,0.931143,0.416962
"339","CGPLH705P_1",28.246,"a_74",2,"NovaSeq6000","100bp PE",2.16978103333333,0.976264,0.937721,0.416332
"340","CGPLH706P_1",33.2385,"a_74",3,"NovaSeq6000","100bp PE",3.76274303333333,0.973708,0.931597,0.419815
"341","CGPLH707P_1",23.5355,"a_74",3,"NovaSeq6000","100bp PE",3.12876096666667,0.976483,0.937406,0.411385
"342","CGPLH708P_1",36.514,"a_75",2,"NovaSeq6000","100bp PE",2.2836467,0.974779,0.935646,0.413593
"343","CGPLH709P_1",34.028,"a_75",2,"NovaSeq6000","100bp PE",2.93056426666667,0.977246,0.939447,0.413765
"344","CGPLH710P_1",51.4555,"a_75",2,"NovaSeq6000","100bp PE",3.07115016666667,0.974186,0.933938,0.417818
"345","CGPLH711P_1",30.0315,"a_75",2,"NovaSeq6000","100bp PE",2.47863603333333,0.977341,0.939693,0.409843
"346","CGPLH712P_1",89.326,"a_75",2,"NovaSeq6000","100bp PE",5.7868961,0.973403,0.934046,0.423348
"347","CGPLH713P_1",26.509,"a_37",2,"NovaSeq6000","100bp PE",2.73716693333333,0.97087,0.931214,0.4289
"348","CGPLH715P_1",71.195,"a_37",2,"NovaSeq6000","100bp PE",3.3210986,0.977893,0.941781,0.412413
"349","CGPLH716P_1",28.923,"a_37",2,"NovaSeq6000","100bp PE",3.36889876666667,0.976847,0.939851,0.416437
"350","CGPLH717P_1",23.1305,"a_37",2,"NovaSeq6000","100bp PE",2.7207698,0.976417,0.939275,0.416458
"351","CGPLH718P_1",24.47,"a_38",2,"NovaSeq6000","100bp PE",2.63807846666667,0.97825,0.942568,0.417699
"352","CGPLH719P_1",9.405,"a_38",2,"NovaSeq6000","100bp PE",2.96295263333333,0.978327,0.942123,0.417624
"353","CGPLH720P_1",11.7745,"a_38",2,"NovaSeq6000","100bp PE",3.06211803333333,0.977207,0.940259,0.417168
"354","CGPLH721P_1",13.9255,"a_38",2,"NovaSeq6000","100bp PE",3.1938298,0.976721,0.940005,0.417652
"355","CGPLH722P_1",9.979,"a_38",2,"NovaSeq6000","100bp PE",2.7767339,0.977964,0.941131,0.418394
"356","CGPLH723P_1",39.269,"a_39",2,"NovaSeq6000","100bp PE",2.7977074,0.978006,0.941769,0.411227
"357","CGPLH724P_1",42.891,"a_39",2,"NovaSeq6000","100bp PE",2.92561923333333,0.974618,0.935181,0.412264
"358","CGPLH725P_1",17.6705,"a_39",2,"NovaSeq6000","100bp PE",2.37384863333333,0.975428,0.936923,0.411976
"359","CGPLH726P_1",63.2995,"a_39",2,"NovaSeq6000","100bp PE",2.65317903333333,0.976236,0.937505,0.407954
"360","CGPLH727P_1",33.0655,"a_39",2,"NovaSeq6000","100bp PE",3.34875366666667,0.977624,0.940246,0.419224
"361","CGPLH728P_1",45.0765,"a_40",2,"NovaSeq6000","100bp PE",2.89786166666667,0.977037,0.938568,0.410205
"362","CGPLH729P_1",62.689,"a_40",2,"NovaSeq6000","100bp PE",1.78210666666667,0.975101,0.936069,0.418451
"363","CGPLH730P_1",19.1315,"a_40",2,"NovaSeq6000","100bp PE",2.82959126666667,0.974849,0.936414,0.413367
"364","CGPLH731P_1",54.2065,"a_40",2,"NovaSeq6000","100bp PE",2.16248756666667,0.974767,0.935205,0.41539
"365","CGPLH732P_1",21.677,"a_40",2,"NovaSeq6000","100bp PE",3.33762443333333,0.974724,0.93657,0.4192
"366","CGPLH733P_1",16.295,"a_60",2,"NovaSeq6000","100bp PE",3.2415623,0.973797,0.934908,0.415598
"367","CGPLH734P_1",18.737,"a_40",2,"NovaSeq6000","100bp PE",3.14890156666667,0.972185,0.932807,0.415708
"368","CGPLH735P_1",42.7055,"a_40",2,"NovaSeq6000","100bp PE",3.2088208,0.975723,0.935777,0.414531
"369","CGPLH737P_1",46.315,"a_51",2,"NovaSeq6000","100bp PE",2.42592126666667,0.976423,0.938257,0.411797
"370","CGPLH738P_1",31.579,"a_60",2,"NovaSeq6000","100bp PE",2.78158066666667,0.972737,0.932792,0.412485
"371","CGPLH739P_1",36.0405,"a_60",2,"NovaSeq6000","100bp PE",2.90294223333333,0.978667,0.942708,0.414782
"372","CGPLH743P_1",56.976,"a_58",1,"NovaSeq6000","100bp PE",2.532234,0.965343,0.91091,0.420141
"373","CGPLH744P_1",23.623,"a_58",1,"NovaSeq6000","100bp PE",3.22029746666667,0.976605,0.938532,0.424799
"374","CGPLH748P_1",31.2005,"a_63",1,"NovaSeq6000","100bp PE",2.3690061,0.971417,0.926574,0.419014
"375","CGPLH749P_1",59.9385,"a_63",1,"NovaSeq6000","100bp PE",3.03229916666667,0.977084,0.938258,0.416693
"376","CGPLH750P_1",23.219,"a_63",1,"NovaSeq6000","100bp PE",2.6190437,0.963946,0.914624,0.424201
"377","CGPLH751P_1",74.7895,"a_63",1,"NovaSeq6000","100bp PE",2.87817496666667,0.978525,0.940577,0.420018
"378","CGPLH752P_1",31.434,"a_64",1,"NovaSeq6000","100bp PE",2.88936743333333,0.968486,0.9227,0.416872
"379","CGPLH753P_1",16.8975,"a_64",1,"NovaSeq6000","100bp PE",2.38477356666667,0.948101,0.892037,0.44473
"380","CGPLH754P_1",5.161,"a_64",1,"NovaSeq6000","100bp PE",3.07836503333333,0.94477,0.887147,0.445919
"381","CGPLH755P_1",20.964,"a_65",1,"NovaSeq6000","100bp PE",2.94060593333333,0.97209,0.929272,0.429533
"382","CGPLH756P_1",14.7665,"a_65",1,"NovaSeq6000","100bp PE",2.82107566666667,0.965683,0.920409,0.430559
"383","CGPLH757P_1",25.745,"a_65",1,"NovaSeq6000","100bp PE",2.99239713333333,0.972044,0.927651,0.419498
"384","CGPLH758P_1",59.514,"a_65",1,"NovaSeq6000","100bp PE",14.1991098666667,0.971564,0.926069,0.414397
"385","CGPLH768P_1",48.0565,"a_70",1,"NovaSeq6000","100bp PE",2.91893953333333,0.967796,0.915007,0.423131
"386","CGPLH769P_1",40.673,"a_70",1,"NovaSeq6000","100bp PE",2.8356639,0.971075,0.927821,0.430006
"387","CGLI453P",7.7,"c_1",6,"NovaSeq6000","100bp PE",24.5925116,0.972007,0.924134,0.441033
"388","CGLI454P",2.14,"c_1",6,"NovaSeq6000","100bp PE",9.0389713,0.946824,0.868289,0.553196
"389","CGLI455P",15,"c_1",6,"NovaSeq6000","100bp PE",9.84484663333333,0.974836,0.931045,0.435505
"390","CGLI457P",6.2,"c_1",6,"NovaSeq6000","100bp PE",27.0217998666667,0.975842,0.930931,0.429898
"391","CGLI458P",1.835,"c_1",6,"NovaSeq6000","100bp PE",15.4244712,0.952315,0.876733,0.520245
"392","CGLI470P",10.6,"c_2",6,"NovaSeq6000","100bp PE",21.2814917,0.98152,0.947469,0.421724
"393","CGLI471P",9.15,"c_2",6,"NovaSeq6000","100bp PE",25.0949077666667,0.977704,0.940959,0.421172
"394","CGLI472P",4.07,"c_2",6,"NovaSeq6000","100bp PE",8.73272156666667,0.965447,0.924589,0.44373
"395","CGLI473P",4.455,"c_2",6,"NovaSeq6000","100bp PE",9.44948553333333,0.968963,0.926834,0.433898
"396","CGLI475P",3.81,"c_2",6,"NovaSeq6000","100bp PE",10.8457381333333,0.980087,0.944349,0.419614
"397","CGLI483P",5.1,"c_3",6,"NovaSeq6000","100bp PE",20.9914250666667,0.978193,0.94073,0.429261
"398","CGLI484P",4.705,"c_3",6,"NovaSeq6000","100bp PE",16.2845132666667,0.970219,0.930546,0.445501
"399","CGLI485P",4.145,"c_3",6,"NovaSeq6000","100bp PE",18.2195571333333,0.97641,0.93925,0.428584
"400","CGLI487P",4.19,"c_3",6,"NovaSeq6000","100bp PE",7.7713603,0.976993,0.937984,0.443448
"401","CGLI488P",2.037,"c_3",6,"NovaSeq6000","100bp PE",10.2006045333333,0.974986,0.937973,0.425102
"402","CGLI498P",5.25,"c_4",6,"NovaSeq6000","100bp PE",19.0038201,0.979284,0.943586,0.426548
"403","CGLI499P",4.675,"c_4",6,"NovaSeq6000","100bp PE",14.1125525333333,0.969192,0.931308,0.42891
"404","CGLI500P",15,"c_4",6,"NovaSeq6000","100bp PE",21.9196758,0.978737,0.944217,0.424735
"405","CGLI502P",3.37,"c_4",6,"NovaSeq6000","100bp PE",8.59537916666667,0.9702,0.930477,0.436785
"406","CGLI503P",3.315,"c_4",6,"NovaSeq6000","100bp PE",6.03693836666667,0.971389,0.934847,0.473387
"407","CGLI504P",9.3,"c_4",6,"NovaSeq6000","100bp PE",14.0497954666667,0.978327,0.94201,0.42992
"408","CGLI456P",1.575,"c_15",6,"NovaSeq6000","100bp PE",10.6460529333333,0.977957,0.939632,0.415485
"409","CGLI474P",13.55,"c_15",6,"NovaSeq6000","100bp PE",19.6424443333333,0.980854,0.943747,0.405486
"410","CGLI486P",15,"c_16",6,"NovaSeq6000","100bp PE",15.0227612,0.977344,0.937972,0.426133
"411","CGLI489P",8.9,"c_20",6,"NovaSeq6000","100bp PE",19.5656640666667,0.982593,0.949229,0.423346
"412","CGLI490P",4.5,"c_15",6,"NovaSeq6000","100bp PE",18.3051352333333,0.974744,0.936006,0.434177
"413","CGLI501P",6.4,"c_17",6,"NovaSeq6000","100bp PE",20.6486030333333,0.978131,0.94237,0.419765
"414","CGLI505P",2.055,"c_19",6,"NovaSeq6000","100bp PE",14.8422772333333,0.963815,0.921644,0.440049
"415","CGLI514P",15,"c_5",6,"NovaSeq6000","100bp PE",20.7156354333333,0.979146,0.944138,0.44707
"416","CGLI515P",6.55,"c_18",6,"NovaSeq6000","100bp PE",13.8123881333333,0.980271,0.945681,0.414294
"417","CGLI516P",7.9,"c_5",6,"NovaSeq6000","100bp PE",18.5257876333333,0.979939,0.945725,0.42764
"418","CGLI517P",4.02,"c_5",6,"NovaSeq6000","100bp PE",16.3023886333333,0.959989,0.919077,0.450462
"419","CGLI518P",3.09,"c_5",6,"NovaSeq6000","100bp PE",11.6802223333333,0.967617,0.926717,0.435153
"420","CGLI519P",2.005,"c_14",6,"NovaSeq6000","100bp PE",19.1519893,0.977168,0.938086,0.414443
"421","CGLI520P",0.895,"c_15",6,"NovaSeq6000","100bp PE",14.6784693333333,0.968216,0.928161,0.430041
"422","CGLI528P",3.805,"c_16",6,"NovaSeq6000","100bp PE",14.7302386666667,0.972633,0.930379,0.420977
"423","CGLI529P",2.005,"c_6",6,"NovaSeq6000","100bp PE",15.2138115,0.974685,0.931023,0.425452
"424","CGLI530P",3.815,"c_6",6,"NovaSeq6000","100bp PE",19.9017056666667,0.967505,0.913992,0.451456
"425","CGLI531P",13.15,"c_19",6,"NovaSeq6000","100bp PE",25.1656594333333,0.9769,0.939834,0.427735
"426","CGLI532P",7.6,"c_6",6,"NovaSeq6000","100bp PE",15.2509400666667,0.947272,0.867475,0.534293
"427","CGLI533P",2.335,"c_6",6,"NovaSeq6000","100bp PE",9.7473561,0.9497,0.877582,0.498501
"428","CGLI534P",2.935,"c_6",6,"NovaSeq6000","100bp PE",15.2201261666667,0.972989,0.926525,0.432315
"429","CGLI543P",2.265,"c_7",6,"NovaSeq6000","100bp PE",15.7635777666667,0.926894,0.851321,0.514715
"430","CGLI544P",10.05,"c_7",6,"NovaSeq6000","100bp PE",16.5821446333333,0.970013,0.924137,0.433697
"431","CGLI545P",15,"c_17",6,"NovaSeq6000","100bp PE",14.9276192666667,0.979858,0.945666,0.420404
"432","CGLI546P",3.625,"c_16",6,"NovaSeq6000","100bp PE",15.0950079,0.969806,0.926414,0.42828
"433","CGLI547P",15,"c_7",6,"NovaSeq6000","100bp PE",16.9536305666667,0.973853,0.930272,0.432045
"434","CGLI548P",4.125,"c_12",6,"NovaSeq6000","100bp PE",17.1322884666667,0.978371,0.941257,0.426173
"435","CGLI549P",11.7,"c_18",6,"NovaSeq6000","100bp PE",11.7040249333333,0.982773,0.950227,0.417185
"436","CGLI557P",3.695,"c_8",6,"NovaSeq6000","100bp PE",14.8293739666667,0.962259,0.914635,0.431547
"437","CGLI558P",15,"c_8",6,"NovaSeq6000","100bp PE",16.9890382,0.972647,0.92818,0.420732
"438","CGLI559P",9.15,"c_8",6,"NovaSeq6000","100bp PE",15.1960716666667,0.97294,0.928761,0.418398
"439","CGLI560P",8.4,"c_18",6,"NovaSeq6000","100bp PE",16.8371665666667,0.980215,0.947569,0.423325
"440","CGLI561P",1.585,"c_17",6,"NovaSeq6000","100bp PE",16.9681436,0.969343,0.930066,0.432111
"441","CGLI562P",1.485,"c_8",6,"NovaSeq6000","100bp PE",10.5621883,0.965667,0.918479,0.421184
"442","CGLI563P",2.5,"c_8",6,"NovaSeq6000","100bp PE",20.7447006666667,0.959136,0.909971,0.426881
"443","CGLI572P",7.25,"c_9",6,"NovaSeq6000","100bp PE",19.5576049,0.977417,0.938289,0.419438
"444","CGLI573P",9.8,"c_9",6,"NovaSeq6000","100bp PE",18.9369533333333,0.982293,0.948051,0.423696
"445","CGLI574P",10.2,"c_16",6,"NovaSeq6000","100bp PE",23.1923985333333,0.976131,0.934689,0.411307
"446","CGLI575P",3.135,"c_17",6,"NovaSeq6000","100bp PE",16.1943081333333,0.981105,0.947912,0.414275
"447","CGLI576P",3.125,"c_9",6,"NovaSeq6000","100bp PE",20.5744105333333,0.97374,0.93338,0.421429
"448","CGLI577P",4.39,"c_9",6,"NovaSeq6000","100bp PE",15.7692238,0.975214,0.935172,0.419429
"449","CGLI578P",2.11,"c_9",6,"NovaSeq6000","100bp PE",10.9462139666667,0.97216,0.930929,0.429966
"450","CGLI587P",9.3,"c_10",6,"NovaSeq6000","100bp PE",15.8085340333333,0.983022,0.950879,0.413419
"451","CGLI588P",4.095,"c_10",6,"NovaSeq6000","100bp PE",18.7837096666667,0.960974,0.919441,0.436215
"452","CGLI589P",3.225,"c_10",6,"NovaSeq6000","100bp PE",19.1891014333333,0.9824,0.94858,0.414368
"453","CGLI590P",5.15,"c_18",6,"NovaSeq6000","100bp PE",17.5049231,0.982753,0.94923,0.41026
"454","CGLI591P",4.035,"c_10",6,"NovaSeq6000","100bp PE",19.146093,0.9834,0.951339,0.416411
"455","CGLI592P",1.445,"c_10",6,"NovaSeq6000","100bp PE",14.4663047,0.969647,0.933084,0.427575
"456","CGLI593P",2.455,"c_10",6,"NovaSeq6000","100bp PE",11.7025641333333,0.982603,0.950053,0.412904
"457","CGLI601P",15,"c_11",6,"NovaSeq6000","100bp PE",22.4053768666667,0.977921,0.941338,0.419437
"458","CGLI602P",13.5,"c_11",6,"NovaSeq6000","100bp PE",17.9207625,0.977644,0.939668,0.420662
"459","CGLI603P",15,"c_11",6,"NovaSeq6000","100bp PE",15.8043688,0.978699,0.942464,0.419292
"460","CGLI604P",2.89,"c_11",6,"NovaSeq6000","100bp PE",12.0288728,0.965192,0.92255,0.428604
"461","CGLI605P",1.955,"c_11",6,"NovaSeq6000","100bp PE",16.2441727333333,0.95655,0.910682,0.442908
"462","CGLI606P",3.125,"c_11",6,"NovaSeq6000","100bp PE",19.6938229,0.975881,0.937429,0.417562
"463","CGLI607P",4.62,"c_16",6,"NovaSeq6000","100bp PE",14.4237304,0.974281,0.932532,0.416759
"464","CGLI616P",3.08,"c_12",6,"NovaSeq6000","100bp PE",23.8655180333333,0.972396,0.933888,0.417181
"465","CGLI617P",8.55,"c_21",6,"NovaSeq6000","100bp PE",17.0720739333333,0.978117,0.942379,0.42579
"466","CGLI618P",15,"c_12",6,"NovaSeq6000","100bp PE",13.4978080333333,0.978539,0.941444,0.42024
"467","CGLI619P",5.8,"c_7",6,"NovaSeq6000","100bp PE",12.5178568666667,0.977814,0.937048,0.418568
"468","CGLI620P",2.72,"c_12",6,"NovaSeq6000","100bp PE",13.5982961,0.970759,0.931292,0.416293
"469","CGLI621P",8.05,"c_21",6,"NovaSeq6000","100bp PE",18.7242629333333,0.979494,0.944604,0.41758
"470","CGLI629P",3.995,"c_13",6,"NovaSeq6000","100bp PE",16.2506467666667,0.973449,0.933241,0.422352
"471","CGLI630P",11.95,"c_13",6,"NovaSeq6000","100bp PE",17.9816610666667,0.974982,0.933389,0.413302
"472","CGLI631P",12.15,"c_13",6,"NovaSeq6000","100bp PE",12.9971883666667,0.977532,0.939406,0.419357
"473","CGLI632P",1.92,"c_13",6,"NovaSeq6000","100bp PE",18.3398796666667,0.967144,0.924391,0.417961
"474","CGLI633P",8.45,"c_13",6,"NovaSeq6000","100bp PE",15.3778425666667,0.973493,0.930778,0.422867
"475","CGLI634P",1.115,"c_13",6,"NovaSeq6000","100bp PE",7.27838663333333,0.970128,0.930484,0.419235
"476","CGLI635P",1.69,"c_18",6,"NovaSeq6000","100bp PE",13.8564181333333,0.973558,0.937998,0.424968
"477","CGLI645P",0.73,"c_14",6,"NovaSeq6000","100bp PE",11.440095,0.963994,0.922675,0.441245
"478","CGLI646P",13.15,"c_14",6,"NovaSeq6000","100bp PE",21.4905612666667,0.980041,0.942976,0.413399
"479","CGLI647P",2.6,"c_14",6,"NovaSeq6000","100bp PE",14.1252809666667,0.966969,0.924016,0.439314
"480","CGLI648P",3.475,"c_5",6,"NovaSeq6000","100bp PE",16.3693128333333,0.977296,0.941388,0.424092
"481","CGLI649P",1.865,"c_14",6,"NovaSeq6000","100bp PE",12.3399165,0.972938,0.932433,0.423771
"482","CGLI650P",1.435,"c_14",6,"NovaSeq6000","100bp PE",14.7112356333333,0.97572,0.936824,0.42156
"483","CGLI24P",15,"b_1",2,"NovaSeq6000","100bp PE",3.3398601,0.977218,0.93996,0.415841
"484","CGLI25P",15,"b_1",2,"NovaSeq6000","100bp PE",4.11793806666667,0.9785,0.941578,0.414643
"485","CGLI26P",15,"b_1",2,"NovaSeq6000","100bp PE",3.19191476666667,0.968082,0.927262,0.424519
"486","CGLI27P",15,"b_1",2,"NovaSeq6000","100bp PE",4.86954963333333,0.974859,0.938134,0.420272
"487","CGLI28P",15,"b_2",2,"NovaSeq6000","100bp PE",4.562032,0.973708,0.933682,0.423261
"488","CGLI29P",15,"b_2",2,"NovaSeq6000","100bp PE",2.8156048,0.977691,0.940625,0.419979
"489","CGLI30P",15,"b_2",2,"NovaSeq6000","100bp PE",3.90252053333333,0.979506,0.944116,0.413963
"490","CGLI31P",15,"b_3",2,"NovaSeq6000","100bp PE",2.48796343333333,0.964118,0.922834,0.423992
"491","CGLI32P",15,"b_3",2,"NovaSeq6000","100bp PE",3.9766665,0.969646,0.928372,0.417445
"492","CGLI34P",15,"b_3",2,"NovaSeq6000","100bp PE",3.5491153,0.971079,0.931538,0.434095
"493","CGLI35P",12,"b_4",2,"NovaSeq6000","100bp PE",2.96512356666667,0.971179,0.925741,0.427195
"494","CGLI36P",7.9,"b_4",2,"NovaSeq6000","100bp PE",2.88857356666667,0.973401,0.933183,0.434784
"495","CGLI37P",15,"b_4",2,"NovaSeq6000","100bp PE",3.5148854,0.970268,0.929668,0.427832
"496","CGLI117P",12.7135,"b_8",4,"NovaSeq6000","100bp PE",3.5640494,0.975432,0.938448,0.423767
"497","CGLI118P",7.8545,"b_8",4,"NovaSeq6000","100bp PE",2.89317616666667,0.974397,0.937334,0.429451
"498","CGLI119P",15,"b_8",4,"NovaSeq6000","100bp PE",3.7418532,0.977271,0.940169,0.422461
"499","CGLI120P",5.1825,"b_8",4,"NovaSeq6000","100bp PE",2.78725716666667,0.965531,0.925685,0.445192
"500","CGLI121P",1.3785,"b_8",4,"NovaSeq6000","100bp PE",3.11360203333333,0.965492,0.92506,0.453125
"501","CGLI122P",1.2145,"b_8",4,"NovaSeq6000","100bp PE",2.90622413333333,0.957667,0.913933,0.456031
"502","CGLI123P",15,"b_8",4,"NovaSeq6000","100bp PE",2.98414993333333,0.979612,0.944994,0.420588
"503","CGLI124P",15,"b_8",4,"NovaSeq6000","100bp PE",2.71328413333333,0.977518,0.942151,0.422664
"504","CGLI125P",15,"b_8",4,"NovaSeq6000","100bp PE",2.75381033333333,0.97389,0.935962,0.429786
"505","CGLI126P",1.941,"b_8",4,"NovaSeq6000","100bp PE",3.50396526666667,0.974999,0.937314,0.425726
"506","CGLI127P",15,"b_8",4,"NovaSeq6000","100bp PE",4.06138526666667,0.969718,0.930161,0.429737
"507","CGLI128P",15,"b_8",4,"NovaSeq6000","100bp PE",3.28842276666667,0.97657,0.939545,0.418002
"508","CGLI129P",9.378,"b_9",4,"NovaSeq6000","100bp PE",2.94267303333333,0.975009,0.937723,0.416878
"509","CGLI130P",15,"b_9",4,"NovaSeq6000","100bp PE",2.60100443333333,0.975288,0.937698,0.420723
"510","CGLI131P",15,"b_9",4,"NovaSeq6000","100bp PE",2.82858906666667,0.970684,0.931661,0.43058
"511","CGLI132P",13.986,"b_9",4,"NovaSeq6000","100bp PE",2.93706283333333,0.974916,0.936462,0.415947
"512","CGLI133P",9.3875,"b_9",4,"NovaSeq6000","100bp PE",3.64386396666667,0.969227,0.928663,0.424745
"513","CGLI134P",10.024,"b_9",4,"NovaSeq6000","100bp PE",2.59012996666667,0.977712,0.940342,0.417524
"514","CGLI135P",6.3135,"b_9",4,"NovaSeq6000","100bp PE",2.52354346666667,0.963178,0.921664,0.433747
"515","CGLI136P",15,"b_9",4,"NovaSeq6000","100bp PE",2.48646753333333,0.972204,0.934459,0.424631
"516","CGLI137P",15,"b_9",4,"NovaSeq6000","100bp PE",2.28541653333333,0.974768,0.937612,0.423803
"517","CGLI138P",15,"b_9",4,"NovaSeq6000","100bp PE",3.21839066666667,0.973572,0.935547,0.425419
"518","CGLI139P",9.5175,"b_9",4,"NovaSeq6000","100bp PE",3.1377685,0.977369,0.941302,0.422994
"519","CGLI140P",15,"b_9",4,"NovaSeq6000","100bp PE",3.59705716666667,0.978651,0.943318,0.423094
"520","CGPLLU586P",15,"a_7",1,"NovaSeq6000","100bp PE",2.68842053333333,0.959153,0.901466,0.422384
"521","CGPLLU621P",15,"a_22",1,"NovaSeq6000","100bp PE",1.8402908,0.955561,0.896036,0.435209
"522","CGPLLU367P",15,"a_16",0,"NovaSeq6000","100bp PE",3.32521583333333,0.974086,0.92985,0.416693
"523","CGPLLU481P",12.933,"a_23",0,"NovaSeq6000","100bp PE",2.61207256666667,0.972473,0.928482,0.421018
"524","CGPLLU551P",15,"a_18",0,"NovaSeq6000","100bp PE",2.93844543333333,0.978578,0.939647,0.417429
"525","CGPLLU580P",15,"a_20",0,"NovaSeq6000","100bp PE",4.75616973333333,0.970615,0.924298,0.416936
"526","CGPLLU461P",15,"a_5",1,"NovaSeq6000","100bp PE",2.4122778,0.965161,0.909867,0.418593
"527","CGPLLU573P",15,"a_21",0,"NovaSeq6000","100bp PE",3.13825206666667,0.974262,0.930631,0.413461
"528","CGPLLU346P",13.851,"a_7",1,"NovaSeq6000","100bp PE",2.56622536666667,0.962515,0.904832,0.431045
"529","CGPLLU396P",15,"a_9",0,"NovaSeq6000","100bp PE",3.15682093333333,0.972444,0.927282,0.415774
"530","CGPLLU528P",15,"a_13",0,"NovaSeq6000","100bp PE",2.97591676666667,0.973872,0.929865,0.420157
"531","CGPLLU359P",15,"a_6",0,"NovaSeq6000","100bp PE",3.0937571,0.973042,0.928064,0.420985
"532","CGPLLU593P",15,"a_19",0,"NovaSeq6000","100bp PE",3.37548583333333,0.976421,0.933474,0.414492
"533","CGPLLU354P",15,"a_4",0,"NovaSeq6000","100bp PE",2.95741016666667,0.975887,0.934197,0.414493
"534","CGPLLU548P",6.875,"a_20",0,"NovaSeq6000","100bp PE",3.4532789,0.972611,0.925596,0.417751
"535","CGPLLU474P",15,"a_15",0,"NovaSeq6000","100bp PE",2.9890913,0.970493,0.922069,0.416063
"536","CGPLLU497P",15,"a_4",1,"NovaSeq6000","100bp PE",2.16396906666667,0.963089,0.905991,0.427304
"537","CGPLLU608P",15,"a_8",0,"NovaSeq6000","100bp PE",2.35293436666667,0.977762,0.937552,0.417963
"538","CGPLLU512P",15,"a_22",0,"NovaSeq6000","100bp PE",2.34350046666667,0.976015,0.933447,0.419146
"539","CGPLLU576P",15,"a_21",0,"NovaSeq6000","100bp PE",2.36680286666667,0.9745,0.931843,0.420652
"540","CGPLLU300P",15,"a_14",0,"NovaSeq6000","100bp PE",4.84549733333333,0.975009,0.931551,0.418583
"541","CGPLLU291P",15,"a_20",0,"NovaSeq6000","100bp PE",2.32862393333333,0.97704,0.937411,0.416606
"542","CGPLLU305P",10,"a_2",0,"NovaSeq6000","100bp PE",2.7851098,0.975764,0.933632,0.425453
"543","CGPLLU362P",15,"a_13",0,"NovaSeq6000","100bp PE",3.1606481,0.972313,0.925775,0.421443
"544","CGPLLU496P",15,"a_3",1,"NovaSeq6000","100bp PE",2.29763626666667,0.964991,0.910161,0.418473
"545","CGPLLU532P",10,"a_1",0,"NovaSeq6000","100bp PE",1.6738774,0.97405,0.930181,0.41651
"546","CGPLLU567P",15,"a_19",0,"NovaSeq6000","100bp PE",3.15426663333333,0.97755,0.937371,0.419057
"547","CGPLLU303P",15,"a_12",0,"NovaSeq6000","100bp PE",2.65273913333333,0.976244,0.934618,0.413037
"548","CGPLLU577P",15,"a_10",0,"NovaSeq6000","100bp PE",3.10714393333333,0.969205,0.922971,0.418139
"549","CGPLLU602P",15,"a_20",0,"NovaSeq6000","100bp PE",3.30021686666667,0.977171,0.936344,0.416443
"550","CGPLLU381P",10,"a_2",1,"NovaSeq6000","100bp PE",2.46747446666667,0.968423,0.917395,0.411359
"551","CGPLLU304P",10,"a_1",1,"NovaSeq6000","100bp PE",3.14115713333333,0.964576,0.908426,0.422376
"552","CGPLLU556P",15,"a_7",0,"NovaSeq6000","100bp PE",2.38375693333333,0.9691,0.918866,0.417034
"553","CGPLLU490P",15,"a_22",0,"NovaSeq6000","100bp PE",3.49437483333333,0.974893,0.930306,0.416553
"554","CGPLLU624P",15,"a_20",0,"NovaSeq6000","100bp PE",2.8819367,0.976998,0.935612,0.415233
"555","CGPLLU287P",15,"a_23",0,"NovaSeq6000","100bp PE",2.98951753333333,0.97425,0.931609,0.417297
"556","CGPLLU395P",15,"a_12",0,"NovaSeq6000","100bp PE",3.6655621,0.971661,0.924845,0.418626
"557","CGPLLU495P",10,"a_2",0,"NovaSeq6000","100bp PE",3.2152562,0.971352,0.922888,0.419382
"558","CGPLLU315P",15,"a_6",0,"NovaSeq6000","100bp PE",3.46712753333333,0.961984,0.913614,0.422091
"559","CGPLLU547P",15,"a_17",0,"NovaSeq6000","100bp PE",3.43931903333333,0.977109,0.936984,0.419515
"560","CGPLLU445P",15,"a_21",0,"NovaSeq6000","100bp PE",2.75927543333333,0.974763,0.930973,0.413578
"561","CGPLLU597P",15,"a_12",0,"NovaSeq6000","100bp PE",2.09571366666667,0.972991,0.930042,0.421487
"562","CGPLLU537P",15,"a_23",0,"NovaSeq6000","100bp PE",3.41962693333333,0.978695,0.938664,0.411944
"563","CGPLLU572P",15,"a_17",1,"NovaSeq6000","100bp PE",2.30940733333333,0.94508,0.874372,0.461161
"564","CGPLLU352P",10,"a_2",1,"NovaSeq6000","100bp PE",2.35905106666667,0.962523,0.905753,0.416645
"565","CGPLLU407P",15,"a_14",0,"NovaSeq6000","100bp PE",3.3611438,0.97701,0.936779,0.415589
"566","CGPLLU583P",15,"a_19",1,"NovaSeq6000","100bp PE",1.82802376666667,0.939239,0.862083,0.487072
"567","CGPLLU330P",15,"a_11",1,"NovaSeq6000","100bp PE",3.91265716666667,0.953159,0.888753,0.454972
"568","CGPLLU310P",14.7915,"a_5",0,"NovaSeq6000","100bp PE",2.77920756666667,0.975951,0.932532,0.418536
"569","CGPLLU479P",12.2135,"a_18",0,"NovaSeq6000","100bp PE",6.43383016666667,0.976514,0.934172,0.414728
"570","CGPLLU317P",15,"a_8",0,"NovaSeq6000","100bp PE",2.79186133333333,0.971757,0.926866,0.421828
"571","CGPLLU273P",10,"a_2",0,"NovaSeq6000","100bp PE",3.4091472,0.974246,0.929632,0.414692
"572","CGPLLU603P",15,"a_7",0,"NovaSeq6000","100bp PE",3.4383151,0.973323,0.927338,0.416003
"573","CGPLLU295P",15,"a_12",0,"NovaSeq6000","100bp PE",3.02410023333333,0.976352,0.934399,0.417226
"574","CGPLLU276P",15,"a_3",0,"NovaSeq6000","100bp PE",3.7915349,0.971482,0.923192,0.423063
"575","CGPLLU368P",15,"a_9",1,"NovaSeq6000","100bp PE",2.25289073333333,0.949985,0.885909,0.454482
"576","CGPLLU385P",15,"a_4",1,"NovaSeq6000","100bp PE",2.8243464,0.961612,0.903575,0.430673
"577","CGPLLU288P",15,"a_16",0,"NovaSeq6000","100bp PE",2.80594063333333,0.976614,0.934612,0.415848
"578","CGPLLU453P",15,"a_18",0,"NovaSeq6000","100bp PE",4.53303963333333,0.971998,0.92605,0.419404
"579","CGPLLU541P",15,"a_10",0,"NovaSeq6000","100bp PE",3.16468606666667,0.975277,0.932656,0.417184
"580","CGPLLU455P",10,"a_2",0,"NovaSeq6000","100bp PE",4.51283223333333,0.975892,0.933153,0.416725
"581","CGPLLU610P",15,"a_8",0,"NovaSeq6000","100bp PE",3.2675838,0.970561,0.921792,0.418635
"582","CGPLLU460P",15,"a_4",0,"NovaSeq6000","100bp PE",2.4716211,0.974332,0.930436,0.412965
"583","CGPLLU502P",15,"a_6",0,"NovaSeq6000","100bp PE",3.07227213333333,0.972007,0.924366,0.416665
"584","CGPLLU387P",13.116,"a_6",0,"NovaSeq6000","100bp PE",3.66790103333333,0.975839,0.933556,0.415901
"585","CGPLLU596P",15,"a_17",1,"NovaSeq6000","100bp PE",2.65959683333333,0.945798,0.878967,0.459784
"586","CGPLLU361P",15,"a_9",1,"NovaSeq6000","100bp PE",1.8920634,0.94168,0.867544,0.484083
"587","CGPLLU379P",15,"a_11",0,"NovaSeq6000","100bp PE",2.66707923333333,0.974409,0.932377,0.418299
"588","CGPLLU440P",15,"a_22",0,"NovaSeq6000","100bp PE",1.27561986666667,0.968023,0.92424,0.425765
"589","CGPLLU401P",15,"a_9",1,"NovaSeq6000","100bp PE",2.49433316666667,0.956304,0.895335,0.434987
"590","CGPLLU509P",15,"a_7",1,"NovaSeq6000","100bp PE",2.434812,0.964084,0.909102,0.421351
"591","CGPLLU406P",15,"a_12",0,"NovaSeq6000","100bp PE",1.99669683333333,0.974343,0.930488,0.421964
"592","CGPLLU421P",15,"a_5",0,"NovaSeq6000","100bp PE",2.33617313333333,0.970145,0.921699,0.418856
"593","CGPLLU386P",15,"a_5",0,"NovaSeq6000","100bp PE",2.63139593333333,0.97549,0.933001,0.417962
"594","CGPLLU425P",15,"a_13",0,"NovaSeq6000","100bp PE",2.71667446666667,0.969881,0.921375,0.419226
"595","CGPLLU489P",15,"a_10",1,"NovaSeq6000","100bp PE",1.90416896666667,0.942068,0.87218,0.46634
"596","CGPLLU334P",15,"a_10",0,"NovaSeq6000","100bp PE",2.58972986666667,0.972932,0.930399,0.419741
"597","CGPLLU282P",15,"a_6",1,"NovaSeq6000","100bp PE",2.35126943333333,0.976722,0.937956,0.424494
"598","CGPLLU389P",9.01,"a_18",0,"NovaSeq6000","100bp PE",1.68332433333333,0.97659,0.934943,0.416724
"599","CGPLLU393P",13.617,"a_20",1,"NovaSeq6000","100bp PE",2.0692676,0.939067,0.867925,0.455497
"600","CGPLLU372P",15,"a_12",1,"NovaSeq6000","100bp PE",2.06273476666667,0.958399,0.898247,0.438318
"601","CGPLLU278P",15,"a_5",0,"NovaSeq6000","100bp PE",2.28032276666667,0.971538,0.924484,0.423151
"602","CGPLLU499P",15,"a_5",0,"NovaSeq6000","100bp PE",2.76050653333333,0.970278,0.92107,0.418995
"603","CGPLLU470P",15,"a_11",0,"NovaSeq6000","100bp PE",3.01539563333333,0.977748,0.936539,0.410311
"604","CGPLLU476P",12.2135,"a_22",0,"NovaSeq6000","100bp PE",3.16755106666667,0.975061,0.931738,0.412643
"605","CGPLLU432P",15,"a_23",1,"NovaSeq6000","100bp PE",1.87386343333333,0.942276,0.886256,0.450087
"606","CGPLLU560P",15,"a_13",1,"NovaSeq6000","100bp PE",2.0692876,0.959918,0.901797,0.422589
"607","CGPLLU442P",15,"a_9",0,"NovaSeq6000","100bp PE",4.9447582,0.973286,0.928659,0.419041
"608","CGLI407P",2.785,"c_3",6,"NovaSeq6000","100bp PE",12.1519960666667,0.970776,0.932999,0.49993
"609","CGLI408P",15,"c_4",6,"NovaSeq6000","100bp PE",14.8293206666667,0.980572,0.94615,0.414096
"610","CGLI427P",2.47,"c_1",6,"NovaSeq6000","100bp PE",15.5970977666667,0.956305,0.879954,0.585893
"611","CGLI428P",14.85,"c_2",6,"NovaSeq6000","100bp PE",27.3416884,0.978544,0.939804,0.421736
"612","CGLI429P",15,"c_3",6,"NovaSeq6000","100bp PE",31.0289931666667,0.977241,0.941421,0.422164
"613","CGLI430P",11.75,"c_4",6,"NovaSeq6000","100bp PE",15.62487,0.977725,0.941333,0.422136
"614","CGLI405P",1.545,"c_20",6,"NovaSeq6000","100bp PE",10.9182817,0.970965,0.927144,0.427949
"615","CGLI409P",15,"c_5",6,"NovaSeq6000","100bp PE",12.5875783666667,0.984447,0.956079,0.426398
"616","CGLI410P",3.315,"c_6",6,"NovaSeq6000","100bp PE",18.4343222666667,0.965174,0.913979,0.452937
"617","CGLI411P",15,"c_7",6,"NovaSeq6000","100bp PE",15.9183174666667,0.979367,0.942036,0.417842
"618","CGLI412P",5,"c_8",6,"NovaSeq6000","100bp PE",17.400169,0.964039,0.913801,0.433127
"619","CGLI413P",6.2,"c_9",6,"NovaSeq6000","100bp PE",21.0749717333333,0.977093,0.935733,0.429745
"620","CGLI415P",1.935,"c_11",6,"NovaSeq6000","100bp PE",15.8677864333333,0.961004,0.919238,0.43737
"621","CGLI416P",15,"c_12",6,"NovaSeq6000","100bp PE",15.0160193,0.981575,0.946649,0.419351
"622","CGLI417P",15,"c_13",6,"NovaSeq6000","100bp PE",15.4707366,0.975572,0.935721,0.427173
"623","CGLI418P",15,"c_14",6,"NovaSeq6000","100bp PE",26.8578643,0.97155,0.925452,0.416424
"624","CGLI419P",15,"c_15",6,"NovaSeq6000","100bp PE",19.9068450666667,0.979265,0.941885,0.414443
"625","CGLI420P",1.575,"c_16",6,"NovaSeq6000","100bp PE",9.73145913333333,0.968735,0.921918,0.437291
"626","CGLI421P",1.225,"c_17",6,"NovaSeq6000","100bp PE",10.7756911,0.96796,0.925214,0.448464
"627","CGLI422P",15,"c_18",6,"NovaSeq6000","100bp PE",13.6684846333333,0.982415,0.949571,0.420938
"628","CGLI423P",2.53,"c_19",6,"NovaSeq6000","100bp PE",13.5612293666667,0.971459,0.933192,0.435329
"629","CGLI424P",5.55,"c_20",6,"NovaSeq6000","100bp PE",14.0108417,0.977547,0.938071,0.430163
"630","CGLI425P",10.1,"c_21",6,"NovaSeq6000","100bp PE",10.987574,0.978978,0.943421,0.428642
"631","CGLI426P",1.765,"c_22",6,"NovaSeq6000","100bp PE",14.2130773666667,0.93766,0.862036,0.512581
"632","CGLI432P",15,"c_6",6,"NovaSeq6000","100bp PE",17.0338830666667,0.979529,0.940648,0.419038
"633","CGLI433P",3.13,"c_7",6,"NovaSeq6000","100bp PE",14.1709981333333,0.977737,0.939938,0.435611
"634","CGLI435P",15,"c_9",6,"NovaSeq6000","100bp PE",16.4649847333333,0.964525,0.912503,0.459088
"635","CGLI436P",13.4,"c_10",6,"NovaSeq6000","100bp PE",11.1782269666667,0.982933,0.951272,0.421273
"636","CGLI437P",3.585,"c_11",6,"NovaSeq6000","100bp PE",14.8099574666667,0.974424,0.936725,0.427787
"637","CGLI438P",3.2,"c_12",6,"NovaSeq6000","100bp PE",18.2376494,0.975335,0.939999,0.429682
"638","CGLI439P",11.05,"c_13",6,"NovaSeq6000","100bp PE",11.6306143666667,0.976044,0.936115,0.423297
"639","CGLI440P",13.1,"c_14",6,"NovaSeq6000","100bp PE",11.9012379,0.973455,0.929609,0.426552
"640","CGLI441P",15,"c_15",6,"NovaSeq6000","100bp PE",13.6990764333333,0.977294,0.937666,0.420909
"641","CGLI442P",13,"c_16",6,"NovaSeq6000","100bp PE",18.0979740666667,0.976571,0.935134,0.418816
"642","CGLI443P",15,"c_17",6,"NovaSeq6000","100bp PE",20.3248745666667,0.983004,0.950664,0.426228
"643","CGLI444P",15,"c_18",6,"NovaSeq6000","100bp PE",23.5894347666667,0.971149,0.93464,0.432098
"644","CGLI445P",5.45,"c_19",6,"NovaSeq6000","100bp PE",12.6310310333333,0.96968,0.930169,0.429678
